"dsid","n"
"02025611-2855-484d-8823-0193bcde184f",20
"037e10ac-861c-497c-9170-e1ecbcc944a2",22
"03c66cf9-f906-422a-96e4-451869683469",1
"066276bd-973f-4980-ac15-2eac2188d993",9
"073c8d75-7715-449e-b255-c7ea7b659600",9
"0879e782-ba2c-48c4-8963-98ea7e4302a4",16
"09b221dc-7cdd-44ae-9619-9a9d2a101daf",14
"09bab0e6-01b1-4e38-a13d-88c647ba398c",12
"09c28cfc-7dd1-49e9-a115-1a0c220dd037",7
"09f078ae-83c7-453a-96ea-44a411ba22dc",9
"0d79047b-38b7-4d52-b2fd-b04c5d7806eb",4
"0ed82b02-fbfd-4976-8d37-05ebe58af4e5",23
"0f63a7ed-534c-4748-ad95-96b1b62b82de",9
"101cfdbc-2632-43eb-a01d-4e1907e04b1c",7
"10dad7f5-e1c4-4016-aece-f0d071483e6c",2
"11b8bd4a-2d0a-476f-9dbf-79cdb12a8370",9
"12ae0e51-1449-47ab-9e6c-faf76bffe0aa",3
"142bc435-c089-4396-8dc4-c57cda2e99e2",1
"18785ddb-651a-4762-9fab-fd1732bac081",1
"195d69df-3375-4204-bdc5-228de8b85e25",1
"19666559-f651-4777-8c73-66607c14a73b",24
"19dec3df-4275-4883-8c58-e34bc20e983b",3
"1a1a089b-8325-44b9-935c-6687d2de2ea0",9
"1a85e497-6080-4a1b-9a5e-0f581f7347cf",8
"1dbbced9-cc89-4d9e-97b5-479bf4a1b440",8
"1fdd0cfd-8072-46d5-96ba-ef6e2617e882",21
"1fdf7ab5-7bcb-416c-9c8a-dd04efafc7d5",5
"20584ed9-1748-48fe-88b9-49bc6105a8ee",20
"2129e3fc-0173-4aac-853b-9bba904be165",1
"2452a1ba-2a57-46a8-a698-b345e46d085c",18
"250062cd-de57-446a-a541-2c604f6f20d3",11
"264600fb-4554-47ce-9bc0-5031504de8e8",12
"276e4747-b773-4b0c-b865-b918bc98d908",1
"282534ea-f100-4f63-a9a0-b3f43eba4380",20
"28e24066-374a-4adc-828f-8d07509bf42b",13
"293d9849-8ad8-43bb-a5e4-2ca2097b8545",9
"2965f92c-085d-453e-a438-a08f4cb7f293",19
"29de25d7-faca-416a-85c1-e56cf2b02d16",1
"2aa51639-813c-4c67-a67e-164cb399fc57",3
"2ccf7715-8064-4ae8-b33a-cc474b7f58cf",1
"2dc160b2-589d-44a5-bfcd-f242c964811f",15
"313cd2ab-bff3-461d-ac93-d187848cd9a2",1
"31dcdbc0-c2f8-4ee5-a7fc-89037e011da9",22
"3223cf48-e06d-4b6f-aa3c-5844d8f24dfe",19
"35d2f7fa-42e1-4acd-89e1-01e0cda88195",8
"3b73ed07-8d64-4dd1-9908-3cdee015fa55",5
"3bbe9f91-7d29-46df-a6d9-6280ca97e2ff",4
"3cafcba0-7506-450e-9dab-39ea5ef62c52",1
"3f615efb-a965-486c-b5bf-cacd5b3f1393",14
"3ffb12d1-7ed9-44c6-bf93-6286025112bd",1
"404bef6b-4c57-4414-a566-702e92ae342a",5
"41fa5b04-34f5-4b7a-8f1f-7adc9bfae0c6",1
"42194fa5-80df-4521-be5f-2e4f35880fae",2
"425b0630-4edd-465d-ba02-28760d2f6bda",9
"4307e177-2559-433a-a8f8-a2d75a757189",3
"43feca34-2c4e-4d00-876d-c48ce76b4aa4",5
"454eaada-b40c-46b7-9187-df63eb78b474",9
"45dd9e9d-b86b-4802-ae4d-ad5caa4110c2",3
"461da4fc-f5cf-4990-9d3e-1e2994c674bf",8
"487440c2-1106-4459-b8d1-58387963dd8e",3
"498d2d58-a159-44d5-b46e-01856674dba0",3
"4a02ee0b-1674-4144-94dc-480f56ea25d7",13
"4a21b905-5a3d-4609-9901-b25d65efa6f2",9
"4b26deb4-a4bd-491b-9416-7f3fc0f3a3c0",23
"4b3ebc56-2e39-429a-902b-c471cb27bc09",22
"4d85ae84-dc62-4908-8210-8f248b56d72e",3
"4df44464-636b-4950-afa4-92ce9d1d1f4b",1
"4dfdec75-35b8-406b-a3d7-841a0f522703",1
"4e1cf5aa-51ca-4099-8f00-9bb61294b03c",3
"4e48ca0a-b285-4f38-993f-6547db948656",6
"4e859fd1-5da7-42a7-9b5a-63b3be3f1ae5",3
"50053e37-ba98-461e-9240-a2500ba1525d",20
"51bf7aea-9c77-4633-9ae6-0be928ff2071",7
"51c40690-0b7f-4f78-b095-60d585558d9f",10
"521b7b67-f250-4804-9cf6-510bcbbd3b28",20
"53510737-2f51-4453-af30-add06d6daf3d",2
"5386fc41-ecda-486b-8975-f0c3d903469a",1
"53b7abaf-782f-4a68-95af-59bf3bc5fc8a",4
"57ac06ef-2052-449d-9939-fafc02fe8571",1
"58ed150b-9dc2-496c-abea-d32fffee875a",2
"5ae53e2c-2230-46b8-9619-1316bc6d0c2e",1
"5e8b11c6-1bcb-481a-addf-cb0d4aa63f95",1
"5fb9cd45-fab3-40e6-851f-adf9e57f9904",17
"5fd675c5-29c1-4415-941d-1ca05620c229",5
"608da4c0-82f6-4623-9b13-456a20210332",8
"60aaed3e-4298-4bfe-ae41-b1ab655488d7",1
"619c720b-5870-4340-baaa-f91a75110b50",1
"6279d00b-7ae6-4580-8c58-68a42b41ae17",22
"6432333c-b8ef-45c6-a1f3-302263555283",3
"6433a4cc-38f7-494e-939c-b924073df42b",13
"64cd87e4-305f-4c08-88fb-30b5ce33cf9c",1
"661161d0-498e-43bd-ad25-54340bfcd133",1
"66bd8749-3c4e-489b-8457-57ea404451be",10
"68bcfed8-47d1-44ce-9b41-c65d793ea395",2
"69242dcd-c729-4d68-ac69-d35724fda234",4
"6b675c26-93cc-4a78-a818-40c7eff0734a",22
"6d885b61-2b88-4b27-b637-590543af39dd",3
"6dd38564-f3d6-47b6-9af4-1db17dfedef7",3
"6de355ae-2381-4ab9-b43c-24abdd127ecb",5
"710b1b45-9413-451d-812b-6dc33f804da0",1
"7193c951-0cbb-4ba0-bd3a-f7e649a9a868",23
"730220dd-9dff-404a-aed7-b3c074296ef5",1
"751f6812-0bde-4468-a5ab-5a97801ade9d",14
"76607c9e-eb81-4fdf-b3e7-c99a187cd207",3
"7a0a9eab-1815-4700-9b33-86dcb3436628",3
"7a32c794-d1fe-4390-bda8-b15e85df752c",4
"7c99a493-5bde-4b93-8f3e-9a44a4dddbb3",4
"7ca0b66d-5e0c-4f34-91f0-54b52d0af38c",14
"7cbe5a62-5208-426b-a4d4-91ea286d3e08",13
"7cf93353-6a3e-4f12-b98a-2bdf556c2393",24
"7eedfd90-1d5c-450d-8773-3a9a703be6d0",5
"811f45d1-00fe-495c-8daa-7d548d6967b1",3
"81f42d33-aebb-4c99-ad31-603d02c86298",3
"8200044d-de31-4967-ad3d-b394c40f8921",1
"8284157e-e4aa-4f90-bb62-6141d3d66bb4",4
"82aba8a4-c181-4560-800e-9c691737cf42",12
"83565b87-a197-442d-97a1-866fcf0ab440",20
"83f3ebbf-1e95-4892-96c2-20bae7cf75bb",19
"84dbbbb5-ac3d-4036-b329-66584c19750d",9
"85829b4c-062b-4e2c-b8f6-19f3e2d3b124",3
"85ce6504-6f66-4994-9d94-f25f28d204f5",20
"861c32ff-b167-4024-9003-b6122ab22489",8
"875af1a8-3420-439e-a70b-3254928a0639",1
"88106b42-9321-4d7c-bdc9-3b8a5c245e6d",18
"8b845e6d-5843-4c25-a37b-90b2ddc1e313",7
"8cf6b5ba-4bd0-4b55-bcbe-2535eef6fb82",1
"8f41ac3b-4bde-46d6-9e71-d74a91555c72",21
"8f484fec-e873-40e2-8136-2a795b90529b",9
"8f594c83-2f45-4c7e-974f-9f9cd2142985",1
"917d3a34-b42e-4f2e-b959-dd8b703c8b3e",8
"919531ba-c858-4f68-b71b-171bf4513e5b",8
"920eaf8e-e900-4b5b-9b51-cb8e684b77cc",1
"9291011a-a47e-4bfd-869b-57edd2b1b896",6
"93c91e49-bc9d-40c2-87cc-2601085bd97e",1
"9403bd46-f44f-4eb0-bea4-0e6a6094fbcf",3
"95057fdc-2711-4002-b60b-cf1bdda7e464",8
"95ee9e40-646a-4405-b500-74f652a54ded",24
"96e6b60e-99ea-4396-a77c-9f1a39cd8fb8",23
"976577d3-cdae-4567-bd31-270236c05a64",1
"9766aa81-890c-4fac-b1fb-f577424cb6c6",8
"988cc7a5-7a04-4be4-a473-a9f7b7825858",2
"98ded2de-7a75-4c48-af66-0c62c6ce70be",20
"99358b8e-d3d3-4bca-af30-07e5150d3186",5
"99ad40e1-de12-4726-a241-1e5b5380e798",8
"99cf1e88-a0c6-4b94-8d01-ff394a046dec",9
"9daebbbe-b2af-411f-ad25-b86baea2cad4",1
"9f21842b-4ba7-436a-a0d3-c0ed7820ef0d",1
"a092dd3f-d958-4e5e-bdbf-a21461d6a58d",1
"a4048108-ccc0-4c7a-83e3-2b31af1c8d15",3
"a8e93dc9-42c0-46a5-baeb-bf20476b9ca6",1
"a900930b-8fcb-4662-a646-f233b78bd29a",1
"a97d9b61-72a3-44ec-90bd-f302c4fda825",2
"aa3b6093-4e4c-4d89-af5c-f7f2fdba0454",4
"ab117681-6fa6-423d-b013-2f62359681f4",23
"ac48b166-9b14-4056-8120-052f6b86ee29",1
"acf86f22-31ab-484c-8c00-67f6d7f83d94",1
"ae0bf2c7-a62d-47e0-9a50-e96cdb594539",4
"af2ce443-3085-46e6-b0e2-aaf7982cbeea",9
"af815f28-3fec-443e-9939-ce08ce855808",9
"b0569e65-3f20-4bae-817b-a514c7fe376a",11
"b21edad5-141f-4b7e-a44d-8a1dd189a866",1
"b2caabf4-5a11-4492-9f16-bd15012dfc56",4
"b404821e-21ab-44d4-ab56-05ecdc029ac9",20
"b64ccbe7-4245-4350-9720-fe6ff32f219d",20
"b64f84c4-0083-41c7-a4ae-5ad9a22adc1b",1
"b8a66eb6-2979-4f8d-848a-5821f3b91532",17
"b98753de-c953-4aff-841b-66469beaba39",1
"ba439fb4-2b7a-4292-8434-3c7d52926eff",1
"bc35defa-0976-47da-8ee3-1837e9fbaea4",13
"bce0ec54-5e91-43c4-accb-35841377eb50",3
"bd39501e-8411-46d8-ade4-2402e563b791",8
"bde035c9-8ff1-4c77-9185-8bf9486a8bb9",1
"bf2a1b72-be99-49b2-93f2-72c3613b53b4",1
"c120bfb0-ab7d-4fb4-b1fa-8fa406a00e2f",12
"c4d32379-4f48-4d34-8034-5f80bf273664",2
"c4e10ee0-6b9b-4855-8ca4-15d4da2127cc",1
"c4f492ae-26db-495f-ad17-1e6c46e89f2f",24
"c4f51997-0b4b-4c27-83a6-3aca37faaab3",9
"c94df98d-447c-44ec-9743-6ced46651ab6",2
"ca9cc900-d444-4845-bc6c-575cf78db654",24
"ce70003d-2653-4c34-88d5-b8b55fa18159",7
"ce7e0c7d-8048-45a3-85f6-f8ce20a69047",1
"cfbbc13c-aefc-4edd-ac03-62493b6ef5db",1
"d02fdfae-1e90-4dd4-9a88-9d8104500a19",1
"d0bb0a6c-891d-416c-aaf1-15fbf22b5f60",20
"d4c08a14-34af-4a2f-ad12-9dfcc13fd857",1
"d78b98b6-0ab4-4bb8-9cfe-2b6641b4c496",1
"d9403208-a2fa-40a0-a802-4ded44d96679",1
"dbba39a1-3ec0-4ac6-9a16-083fb6f99918",2
"dcfc1e5a-23b8-4a75-85f8-1423f0e692f1",9
"de3c7ff0-ca09-47c5-9e7b-fcd1df8683a8",22
"df1ca7ff-3e04-416a-ae24-a8d31408ea3e",4
"e14ac331-96b4-47d6-913f-ee730867eae8",1
"e227cf41-cde0-43ef-8642-27ec458d51c9",8
"e3920932-f645-48f2-b481-c5fa289eb767",14
"e7f330d8-63b3-45ce-ab1f-77be337963ca",4
"e84feb8d-94be-4154-836d-f697317489e0",15
"e86bdfdd-0ccf-4567-b7d5-3ada174fb550",2
"e92ea2d1-4673-4d01-babe-27b52d62e918",8
"eafc2f39-83af-4ebd-b947-c06c20a002b1",1
"eb052fff-7d1a-4a14-a693-880f9ba0ac77",9
"eefbfb29-cf72-4b06-8cac-86569f190806",9
"ef395160-b1cb-442a-9eb2-c904a5ee9002",16
"f0adf674-6427-48d6-b13d-fafdb78a425f",19
"f2c00cb7-cbe5-48c2-8d8f-8e415463b7ff",1
"f3eee81e-8361-4ab9-b949-f447bd2de166",5
"f4d3af18-fe40-437c-8838-9f471f8c3450",22
"f5619e08-8e4e-45c9-8ad2-2e5453f585e6",1
"f8017d59-446f-458f-88cf-148f92dcafcb",3
"f8b2489f-ea1a-49dd-a9b6-533244f41749",8
"f97113d1-546e-49d3-b7c1-c39fc9e080e6",18
"f97fcff9-d19a-445a-a36c-2731e561676a",9
"fc462a3b-ddc6-4788-93c3-97cf3bd11245",7
"fcb7a6a6-9818-4e6b-ad88-ebcc4dec4697",12
