"COMMON_POPULATION_NAME","BROOD_YEAR","Q2.5.","Q25.","Q50.","Q75.","Q97.5.","ESU","NUMBER_OF_SPAWNERS"
"Coweeman River - late Coho salmon",2005,956.309276890332,1694.71295115327,2360.04259705075,3462.24120738057,8073.36073094215,"Lower Columbia coho",NA
"Coweeman River - late Coho salmon",2006,885.761236740937,1757.14773266769,2553.42924629027,3715.05844917699,8007.3055057161,"Lower Columbia coho",NA
"Coweeman River - late Coho salmon",2007,959.385515042859,2016.05626416897,2867.33797353022,4141.38013454204,8391.49786249079,"Lower Columbia coho",NA
"Coweeman River - late Coho salmon",2008,1191.88938929497,2324.47549964323,3244.50279222311,4443.42756069188,8476.66024422361,"Lower Columbia coho",NA
"Coweeman River - late Coho salmon",2009,1660.31213785053,2874.94081106262,3733.19015848586,4809.00334926388,8041.8618946811,"Lower Columbia coho",NA
"Coweeman River - late Coho salmon",2010,3399.84494618593,3787.63900946138,3949.44515239497,4121.9532846784,4620.70520187407,"Lower Columbia coho",3919
"Coweeman River - late Coho salmon",2011,3231.93433815994,3660.0599648959,3841.22204108145,4001.11653385053,4392.86993802944,"Lower Columbia coho",3927
"Coweeman River - late Coho salmon",2012,3175.08008792797,3542.67596937717,3697.08183289399,3853.32523626254,4295.7516763772,"Lower Columbia coho",3698
"Coweeman River - late Coho salmon",2013,3532.20270159925,3964.05330973865,4139.42771484001,4319.18690709236,4839.53412260256,"Lower Columbia coho",4144
"Coweeman River - late Coho salmon",2014,6236.31821738048,7080.97504408061,7401.12177983788,7717.87788236655,8634.77574976873,"Lower Columbia coho",7469
"Coweeman River - late Coho salmon",2015,1171.25313643291,1278.89679446237,1331.38053783592,1403.62602530915,1633.68950986976,"Lower Columbia coho",1283
"Coweeman River - late Coho salmon",2016,2742.09762884679,3106.18168395417,3256.12698087987,3384.9226031469,3720.21668636844,"Lower Columbia coho",3346
"Coweeman River - late Coho salmon",2017,2377.6504954622,2623.01362888146,2731.96538024032,2848.83677056563,3204.24673988465,"Lower Columbia coho",2687
"Coweeman River - late Coho salmon",2018,2463.53983345514,2759.13551882798,2887.27081848878,3004.76584538857,3315.48784975671,"Lower Columbia coho",2923
"Coweeman River - late Coho salmon",2019,2991.42744020936,3306.66064782335,3442.85391705547,3588.71133259111,4022.3212246686,"Lower Columbia coho",3416
"Coweeman River - late Coho salmon",2020,4002.15114852906,4493.25546782832,4688.83286768343,4880.98908452422,5403.24063224053,"Lower Columbia coho",4708
"Coweeman River - late Coho salmon",2021,4107.0644100332,4575.00459780692,4772.88113804223,4961.56539873997,5520.6569648844,"Lower Columbia coho",4767
"Coweeman River - late Coho salmon",2022,3481.50019753422,3915.24752098434,4081.33569138348,4249.58557653355,4733.86196883558,"Lower Columbia coho",4101
"Coweeman River - late Coho salmon",2023,2380.54965553696,2698.70068779313,2817.07243575023,2935.55601189284,3246.10005163611,"Lower Columbia coho",2850
"Coweeman River - late Coho salmon",2024,2102.36063239771,2317.49978002359,2408.74982047417,2532.66553505697,2926.14825471156,"Lower Columbia coho",2350
"Coweeman River - late Coho salmon",2025,1017.67623886352,1840.9976786153,2483.56281077756,3297.85240981123,5860.4036396498,"Lower Columbia coho",NA
"Coweeman River - late Coho salmon",2026,700.362819618724,1621.07840173201,2439.84992510573,3614.61646765928,8486.07000993244,"Lower Columbia coho",NA
"East Fork Lewis River - early and late Coho salmon",2005,524.335199499153,1459.36803052326,2126.51470891386,3004.96366198788,5703.69112776982,"Lower Columbia coho",NA
"East Fork Lewis River - early and late Coho salmon",2006,409.351523423428,1156.02430462565,1859.12116173348,2944.63474201559,7530.29337181823,"Lower Columbia coho",NA
"East Fork Lewis River - early and late Coho salmon",2007,379.872089616975,1072.31487575637,1737.86678711068,2851.05827859839,7761.37013374865,"Lower Columbia coho",NA
"East Fork Lewis River - early and late Coho salmon",2008,443.040947675867,1053.61365318975,1674.6803122064,2645.37409687538,6739.55601181224,"Lower Columbia coho",NA
"East Fork Lewis River - early and late Coho salmon",2009,546.462107153239,1147.32304317774,1629.41489708512,2348.28207858392,5068.26817457965,"Lower Columbia coho",NA
"East Fork Lewis River - early and late Coho salmon",2010,1200.48670019253,1390.2960535784,1482.43638722823,1585.2934875677,1933.88680301055,"Lower Columbia coho",1462
"East Fork Lewis River - early and late Coho salmon",2011,1170.09325590005,1352.81394972579,1435.11910485136,1543.38487099336,1884.00082477411,"Lower Columbia coho",1386
"East Fork Lewis River - early and late Coho salmon",2012,2120.98612615293,2768.35920338302,3006.92060584356,3206.27551920861,3654.54123045708,"Lower Columbia coho",3226
"East Fork Lewis River - early and late Coho salmon",2013,2201.85609808783,2641.75871569967,2814.22291910006,2998.6605908734,3576.25273112169,"Lower Columbia coho",2800
"East Fork Lewis River - early and late Coho salmon",2014,3704.01071626268,4524.09042190223,4833.9914057403,5142.78858869674,6083.5604657346,"Lower Columbia coho",4884
"East Fork Lewis River - early and late Coho salmon",2015,475.447089119205,551.239530549384,586.481746258641,632.794737607483,803.467292867743,"Lower Columbia coho",565
"East Fork Lewis River - early and late Coho salmon",2016,1027.47733222511,1189.92170654828,1263.62208896316,1350.60337739994,1638.30668682006,"Lower Columbia coho",1238
"East Fork Lewis River - early and late Coho salmon",2017,1194.46700612549,1429.9603992648,1528.37319659903,1622.78356461541,1881.90350244493,"Lower Columbia coho",1559
"East Fork Lewis River - early and late Coho salmon",2018,1277.98466913255,1526.25415891536,1628.61923581136,1727.51036013647,2019.39236065363,"Lower Columbia coho",1648
"East Fork Lewis River - early and late Coho salmon",2019,1814.86380413089,2155.2400817248,2293.9959442624,2443.45113808471,2886.45130791493,"Lower Columbia coho",2304
"East Fork Lewis River - early and late Coho salmon",2020,1961.6352299993,2261.64998090759,2405.27045999124,2583.31156710017,3148.07713398329,"Lower Columbia coho",2319
"East Fork Lewis River - early and late Coho salmon",2021,3267.40084024867,4053.72306978958,4339.71951602703,4602.63342668539,5285.9781558964,"Lower Columbia coho",4507
"East Fork Lewis River - early and late Coho salmon",2022,2544.31429553153,3024.50260726373,3234.10288115786,3444.02845347847,4048.9266874085,"Lower Columbia coho",3242
"East Fork Lewis River - early and late Coho salmon",2023,1574.36281359988,1802.26029186817,1908.53034650441,2054.17407218345,2565.63714471471,"Lower Columbia coho",1843
"East Fork Lewis River - early and late Coho salmon",2024,2975.13091096387,3744.1413658397,4028.03063463921,4282.27807494771,4945.15832775368,"Lower Columbia coho",4153
"East Fork Lewis River - early and late Coho salmon",2025,1149.36125116737,2740.98437371883,4122.65553771338,6167.16724087683,14541.956498206,"Lower Columbia coho",NA
"East Fork Lewis River - early and late Coho salmon",2026,683.43589525079,2412.12780911433,4330.8345929353,7773.82816886195,25109.3966117873,"Lower Columbia coho",NA
"Elochoman River - late Coho salmon",2005,375.240250584554,823.521934098249,1141.86040170291,1565.98170982106,2897.0818377756,"Lower Columbia coho",NA
"Elochoman River - late Coho salmon",2006,324.26202612856,733.109873288128,1083.52656449229,1608.09731280629,3408.45026745471,"Lower Columbia coho",NA
"Elochoman River - late Coho salmon",2007,313.512810464398,695.331718896965,1044.78927576879,1562.98073738596,3501.12402820137,"Lower Columbia coho",NA
"Elochoman River - late Coho salmon",2008,324.218799700441,696.275448228244,1018.43894513316,1484.42037585144,3237.00831233637,"Lower Columbia coho",NA
"Elochoman River - late Coho salmon",2009,404.007432864708,742.732376566383,1016.49570238599,1369.17144772713,2495.22840369855,"Lower Columbia coho",NA
"Elochoman River - late Coho salmon",2010,814.785680442528,922.525308839072,967.748811075976,1017.20610890287,1162.91643682539,"Lower Columbia coho",964
"Elochoman River - late Coho salmon",2011,543.929948263065,623.614553362256,655.878291882759,687.370648800696,775.926812740265,"Lower Columbia coho",667
"Elochoman River - late Coho salmon",2012,520.516908496972,581.304449420377,609.055195039513,643.273944441783,742.20280104816,"Lower Columbia coho",593
"Elochoman River - late Coho salmon",2013,744.129001463541,848.393177187002,893.257839626241,937.775588215065,1069.78004297143,"Lower Columbia coho",898
"Elochoman River - late Coho salmon",2014,2880.21612095601,3375.25729712128,3576.74342519652,3748.36806296807,4191.73053580879,"Lower Columbia coho",3673
"Elochoman River - late Coho salmon",2015,357.569864957546,400.627911901734,419.919538747237,443.430067093858,516.330877123859,"Lower Columbia coho",412
"Elochoman River - late Coho salmon",2016,794.47132472667,887.903765841319,931.043280492404,982.513418282038,1124.21868499316,"Lower Columbia coho",907
"Elochoman River - late Coho salmon",2017,819.952261091161,942.538223535291,992.844841995197,1037.60783314214,1167.19727622389,"Lower Columbia coho",1006
"Elochoman River - late Coho salmon",2018,984.231708297309,1128.4697426847,1186.1559566517,1244.77231589695,1392.10577536158,"Lower Columbia coho",1189
"Elochoman River - late Coho salmon",2019,1488.05019192956,1718.41734016832,1814.06705003265,1899.40773599489,2131.58160485153,"Lower Columbia coho",1853
"Elochoman River - late Coho salmon",2020,1668.23155980335,1895.79671047403,1987.79162518557,2086.26740204951,2352.72246838156,"Lower Columbia coho",1982
"Elochoman River - late Coho salmon",2021,1438.54718691506,1639.27249676386,1720.5425879358,1802.62273879791,2026.61975381319,"Lower Columbia coho",1747
"Elochoman River - late Coho salmon",2022,964.164241430753,1066.65097662981,1120.91856134548,1189.02548352072,1404.26266819124,"Lower Columbia coho",1065
"Elochoman River - late Coho salmon",2023,1247.02943637076,1441.69090176963,1519.74323399354,1590.12920407795,1786.14466645118,"Lower Columbia coho",1559
"Elochoman River - late Coho salmon",2024,1639.77569931515,1878.49526713305,1975.8645464203,2075.333585137,2351.50982349876,"Lower Columbia coho",1975
"Elochoman River - late Coho salmon",2025,744.339534361235,1468.02819311315,2030.91074973664,2854.33000652634,5651.08907427266,"Lower Columbia coho",NA
"Elochoman River - late Coho salmon",2026,494.005337148685,1297.67769528266,2084.14112318051,3363.41958692634,8552.966660067,"Lower Columbia coho",NA
"Grays and Chinook Rivers - late Coho salmon",2005,220.278711216009,441.312174737055,610.644929014616,827.064792040334,1420.6616875717,"Lower Columbia coho",NA
"Grays and Chinook Rivers - late Coho salmon",2006,198.306474221748,395.407605985176,555.126910362834,776.796456725862,1435.57786310952,"Lower Columbia coho",NA
"Grays and Chinook Rivers - late Coho salmon",2007,198.057719069308,379.211107806667,539.352908413472,757.770546191972,1445.9505630335,"Lower Columbia coho",NA
"Grays and Chinook Rivers - late Coho salmon",2008,216.528677797701,386.773639689654,526.559551402687,719.001148262955,1300.67845434227,"Lower Columbia coho",NA
"Grays and Chinook Rivers - late Coho salmon",2009,267.926821815326,420.699645848049,533.465235289385,669.313256275407,1058.61207993383,"Lower Columbia coho",NA
"Grays and Chinook Rivers - late Coho salmon",2010,436.97153579129,480.423092951828,497.02776814892,515.490591667732,568.805341888423,"Lower Columbia coho",495
"Grays and Chinook Rivers - late Coho salmon",2011,303.285047703468,330.757224853342,342.089970452006,354.938336489315,393.692103534979,"Lower Columbia coho",339
"Grays and Chinook Rivers - late Coho salmon",2012,415.172654729441,454.79487819208,471.420912286452,488.321189815932,535.905622348565,"Lower Columbia coho",471
"Grays and Chinook Rivers - late Coho salmon",2013,689.455553039907,763.595470891837,791.902781770841,820.259405489108,901.95898306087,"Lower Columbia coho",795
"Grays and Chinook Rivers - late Coho salmon",2014,2273.71635791947,2552.54046616159,2658.97432304685,2753.43138725926,3009.30244060785,"Lower Columbia coho",2705
"Grays and Chinook Rivers - late Coho salmon",2015,302.725079135761,330.936985840119,342.785463680913,355.874114195405,393.219605687233,"Lower Columbia coho",341
"Grays and Chinook Rivers - late Coho salmon",2016,599.205394851026,653.23649427642,676.886157054512,700.544919580721,762.7171554554,"Lower Columbia coho",674
"Grays and Chinook Rivers - late Coho salmon",2017,408.864709613455,445.032364277947,460.61416687239,476.961395089083,527.402051782578,"Lower Columbia coho",459
"Grays and Chinook Rivers - late Coho salmon",2018,415.408291562308,454.788265958419,470.096651015513,487.975573852881,538.485437176223,"Lower Columbia coho",468
"Grays and Chinook Rivers - late Coho salmon",2019,707.03544898183,772.187960993405,799.733635146162,828.94342489097,907.694477555621,"Lower Columbia coho",800
"Grays and Chinook Rivers - late Coho salmon",2020,878.889984290364,967.689094910516,1002.28665319585,1036.92840796436,1136.21569134489,"Lower Columbia coho",1007
"Grays and Chinook Rivers - late Coho salmon",2021,1003.39794941156,1098.6525680864,1136.02053040695,1175.28488326741,1283.62004799239,"Lower Columbia coho",1141
"Grays and Chinook Rivers - late Coho salmon",2022,880.920676129113,961.825573421258,995.529776491664,1031.78634699162,1135.64124828702,"Lower Columbia coho",990
"Grays and Chinook Rivers - late Coho salmon",2023,803.793238679309,883.675112741442,916.349071729774,948.840543391309,1030.89129230389,"Lower Columbia coho",923
"Grays and Chinook Rivers - late Coho salmon",2024,1024.40995213109,1129.75065539515,1170.39304169239,1213.89783627883,1335.41234472906,"Lower Columbia coho",1170
"Grays and Chinook Rivers - late Coho salmon",2025,544.115254370928,924.711114217764,1213.7755751412,1599.46829372715,2771.17006537779,"Lower Columbia coho",NA
"Grays and Chinook Rivers - late Coho salmon",2026,399.689899614764,860.986876711909,1270.06509008966,1853.80016082372,3898.96430785631,"Lower Columbia coho",NA
"Kalama River - late Coho salmon",2005,28.4641910661151,64.920677950291,92.8329013934844,128.463611843449,223.584371199609,"Lower Columbia coho",NA
"Kalama River - late Coho salmon",2006,26.1928376759058,58.0328022502045,85.8595595852572,121.293213279481,248.187214355406,"Lower Columbia coho",NA
"Kalama River - late Coho salmon",2007,26.0237956086117,55.8667128426929,80.3625700469518,115.409376498434,228.766351241216,"Lower Columbia coho",NA
"Kalama River - late Coho salmon",2008,28.445053961443,55.6371777339186,77.7000059779093,107.693134239663,209.164222724965,"Lower Columbia coho",NA
"Kalama River - late Coho salmon",2009,35.4480898594443,58.5159461766462,75.5893801403624,97.3240042936544,162.034579494355,"Lower Columbia coho",NA
"Kalama River - late Coho salmon",2010,60.4889188614874,67.9261651222181,70.8783823312587,73.642285602232,81.1129189927265,"Lower Columbia coho",72
"Kalama River - late Coho salmon",2011,34.7063533359527,38.1063455223827,39.6218605318995,41.3772716375201,46.2277899706571,"Lower Columbia coho",39
"Kalama River - late Coho salmon",2012,34.9546684424381,38.6113118280493,40.1370900445863,41.807425188717,46.5181904746555,"Lower Columbia coho",40
"Kalama River - late Coho salmon",2013,43.3832363232655,48.2145531869319,50.1741192969786,52.2717315811348,58.3472767109813,"Lower Columbia coho",50
"Kalama River - late Coho salmon",2014,118.929785076379,132.628080729319,138.420024649115,143.856140728541,159.4155845095,"Lower Columbia coho",139
"Kalama River - late Coho salmon",2015,23.8039131514235,26.2273108003547,27.2813544304202,28.4462983791359,31.9915308431321,"Lower Columbia coho",27
"Kalama River - late Coho salmon",2016,55.1845524045897,61.191720883767,63.6654985506905,66.2088578205508,73.1024367997517,"Lower Columbia coho",64
"Kalama River - late Coho salmon",2017,50.3240134323041,55.3880744118619,57.5998924214803,60.047035484515,66.8967618479458,"Lower Columbia coho",57
"Kalama River - late Coho salmon",2018,63.7480224777876,70.8544860847217,73.7750683340375,76.7123677478837,84.6615762949338,"Lower Columbia coho",74
"Kalama River - late Coho salmon",2019,109.723032326211,121.190297126654,125.966257845404,131.491550076295,146.636439759997,"Lower Columbia coho",124
"Kalama River - late Coho salmon",2020,188.682665271213,213.459116939208,223.272095577078,232.047121440135,253.713842879288,"Lower Columbia coho",228
"Kalama River - late Coho salmon",2021,176.825022805291,196.818745921221,205.091005978349,213.350135004575,235.859828974586,"Lower Columbia coho",207
"Kalama River - late Coho salmon",2022,181.611856474022,201.008884682568,209.111747191903,217.770048715265,241.522821283612,"Lower Columbia coho",209
"Kalama River - late Coho salmon",2023,168.385651134144,188.456857158446,196.651468862181,204.158907694249,224.527975722033,"Lower Columbia coho",199
"Kalama River - late Coho salmon",2024,162.587737137831,180.414067908046,187.664465165286,195.702131351289,219.725693720425,"Lower Columbia coho",186
"Kalama River - late Coho salmon",2025,84.3365699006408,147.421106164624,196.146453486564,262.326380269396,469.739533807539,"Lower Columbia coho",NA
"Kalama River - late Coho salmon",2026,59.6055626305606,136.783315092333,204.25969328614,305.217679244719,684.326135522438,"Lower Columbia coho",NA
"Lower Cowlitz River - late Coho salmon",2005,2611.85442313951,5249.02604959352,7240.67641076782,9936.15881302053,19616.9469979998,"Lower Columbia coho",NA
"Lower Cowlitz River - late Coho salmon",2006,2162.71692116174,4772.81148118682,7007.32417640329,10309.4692691434,22829.8506098208,"Lower Columbia coho",NA
"Lower Cowlitz River - late Coho salmon",2007,2061.01860318155,4679.71935289468,6945.31057972042,10419.2794675447,23156.1363012454,"Lower Columbia coho",NA
"Lower Cowlitz River - late Coho salmon",2008,2286.3163446684,4788.5303846462,7104.50824990562,10425.7361634869,22134.0827981305,"Lower Columbia coho",NA
"Lower Cowlitz River - late Coho salmon",2009,2901.67775955592,5327.28794484891,7163.89267212515,9693.37318209485,18153.8394854661,"Lower Columbia coho",NA
"Lower Cowlitz River - late Coho salmon",2010,5871.91885823313,6672.57712431727,7000.32991051942,7345.77123546326,8378.55281550967,"Lower Columbia coho",7002
"Lower Cowlitz River - late Coho salmon",2011,4271.37230455793,4904.87160758083,5158.53828985976,5400.92312065722,6057.25765632503,"Lower Columbia coho",5254
"Lower Cowlitz River - late Coho salmon",2012,4185.68285483198,4699.71526220693,4932.73361996803,5201.62915253821,5953.26065537887,"Lower Columbia coho",4872
"Lower Cowlitz River - late Coho salmon",2013,5300.10186064857,5963.10381456623,6246.91420945747,6575.82200452249,7577.18508883789,"Lower Columbia coho",6192
"Lower Cowlitz River - late Coho salmon",2014,19856.1175345287,23621.7272644829,25055.8407756279,26302.1947953582,29290.1805469227,"Lower Columbia coho",25766
"Lower Cowlitz River - late Coho salmon",2015,2239.88004723783,2527.97053493713,2651.10411744685,2791.51055409392,3235.89047681683,"Lower Columbia coho",2623
"Lower Cowlitz River - late Coho salmon",2016,3855.69658244588,4385.62918392802,4606.33703800919,4829.59619271412,5447.1643228572,"Lower Columbia coho",4634
"Lower Cowlitz River - late Coho salmon",2017,2515.96082656419,2850.61881330713,2984.01393576904,3134.09903583712,3581.30112480271,"Lower Columbia coho",2957
"Lower Cowlitz River - late Coho salmon",2018,2378.67247070363,2721.57946155839,2865.4976639222,3002.07213819853,3361.1277060133,"Lower Columbia coho",2913
"Lower Cowlitz River - late Coho salmon",2019,2975.70215952131,3298.83915220981,3461.06008221932,3667.70979020531,4282.6339941525,"Lower Columbia coho",3331
"Lower Cowlitz River - late Coho salmon",2020,4132.38809802501,4679.12279579829,4908.71921266504,5159.9159382976,5881.010918485,"Lower Columbia coho",4902
"Lower Cowlitz River - late Coho salmon",2021,4915.8629391977,5605.05007098159,5891.46556738722,6167.72218699177,6906.00028399956,"Lower Columbia coho",5981
"Lower Cowlitz River - late Coho salmon",2022,4116.03285805506,4596.67546812139,4810.45159365671,5073.72906547879,5843.97257986763,"Lower Columbia coho",4705
"Lower Cowlitz River - late Coho salmon",2023,5133.00905804393,5856.92370070181,6162.97734010015,6463.87413371844,7298.10866604907,"Lower Columbia coho",6180
"Lower Cowlitz River - late Coho salmon",2024,9101.8993583554,10535.9398303567,11107.0086693651,11642.1896758412,13098.4976224975,"Lower Columbia coho",11304
"Lower Cowlitz River - late Coho salmon",2025,4122.42366498261,8068.14522418188,11388.9975423602,16113.5552170803,31936.0129977392,"Lower Columbia coho",NA
"Lower Cowlitz River - late Coho salmon",2026,2742.43837916717,7088.80520201902,11520.2685565198,18858.4949745518,52538.6551126042,"Lower Columbia coho",NA
"Lower Gorge Tributaries - late Coho salmon",2005,271.842398437568,528.370959919307,724.244059204464,978.513707808749,1677.56121151235,"Lower Columbia coho",NA
"Lower Gorge Tributaries - late Coho salmon",2006,251.123820560757,490.676891092403,673.883025149263,923.432684875656,1638.21520290243,"Lower Columbia coho",NA
"Lower Gorge Tributaries - late Coho salmon",2007,263.010611714293,488.203368589996,659.911838368387,888.504989777958,1578.17675532448,"Lower Columbia coho",NA
"Lower Gorge Tributaries - late Coho salmon",2008,284.493759350548,493.20187654901,648.440526258489,847.891908544458,1465.08532930541,"Lower Columbia coho",NA
"Lower Gorge Tributaries - late Coho salmon",2009,352.814084598092,524.009887023773,649.091193779369,801.123920213579,1210.59414284285,"Lower Columbia coho",NA
"Lower Gorge Tributaries - late Coho salmon",2010,545.126704224515,590.143329931263,609.26612783778,630.652299395242,689.304986257479,"Lower Columbia coho",605
"Lower Gorge Tributaries - late Coho salmon",2011,422.164394017398,458.796741132557,474.380624387176,488.995039123851,530.188467407704,"Lower Columbia coho",478
"Lower Gorge Tributaries - late Coho salmon",2012,489.813085831941,531.45158905645,548.887740797193,567.201087125642,616.491330766137,"Lower Columbia coho",546
"Lower Gorge Tributaries - late Coho salmon",2013,638.155159483568,694.420725851247,716.703210184366,741.812921189172,808.092781924401,"Lower Columbia coho",712
"Lower Gorge Tributaries - late Coho salmon",2014,1728.81516833194,1905.20859187912,1972.26151269314,2035.28006554845,2212.46250266211,"Lower Columbia coho",1992
"Lower Gorge Tributaries - late Coho salmon",2015,347.796608836792,376.260721845808,388.231778997936,402.328068485542,441.10913289348,"Lower Columbia coho",385
"Lower Gorge Tributaries - late Coho salmon",2016,689.256361790648,751.279695558058,777.498260761309,800.984000539962,862.869579506417,"Lower Columbia coho",787
"Lower Gorge Tributaries - late Coho salmon",2017,517.360110899883,558.373335367884,576.029662152158,596.01083695444,651.561686689422,"Lower Columbia coho",566
"Lower Gorge Tributaries - late Coho salmon",2018,551.885588234902,598.221594153583,617.853003905372,638.581300747141,698.076236239905,"Lower Columbia coho",617
"Lower Gorge Tributaries - late Coho salmon",2019,987.528077467917,1087.39709403796,1127.50138025777,1163.40699818567,1251.37956160774,"Lower Columbia coho",1149
"Lower Gorge Tributaries - late Coho salmon",2020,1063.23849913159,1149.52223199033,1184.1173250204,1227.13603175176,1338.92391425754,"Lower Columbia coho",1172
"Lower Gorge Tributaries - late Coho salmon",2021,1191.17068403735,1293.90705808756,1335.3389110903,1377.91405018613,1495.84921482863,"Lower Columbia coho",1343
"Lower Gorge Tributaries - late Coho salmon",2022,1131.31352423694,1237.1928955267,1279.91669042468,1321.04566618672,1430.06890899691,"Lower Columbia coho",1294
"Lower Gorge Tributaries - late Coho salmon",2023,896.837311590004,968.0969977131,999.443191178852,1034.97840202446,1134.39872813893,"Lower Columbia coho",983
"Lower Gorge Tributaries - late Coho salmon",2024,1240.10722858155,1368.27998054744,1416.09654949738,1459.3389665251,1591.2796850962,"Lower Columbia coho",1427
"Lower Gorge Tributaries - late Coho salmon",2025,719.953000645436,1161.10098595161,1459.37195917257,1840.54326264186,2911.00907206573,"Lower Columbia coho",NA
"Lower Gorge Tributaries - late Coho salmon",2026,552.377401055418,1086.79074689168,1511.56395185075,2085.64599586696,4025.06805798074,"Lower Columbia coho",NA
"Mill, Abernathy, and Germany Creeks - late Coho salmon",2005,507.738046576013,1119.08385395143,1682.29975711328,2412.34314755558,4189.6431515788,"Lower Columbia coho",NA
"Mill, Abernathy, and Germany Creeks - late Coho salmon",2006,478.493884926167,1019.41229217114,1511.46333123499,2191.11613217568,4272.61135403245,"Lower Columbia coho",NA
"Mill, Abernathy, and Germany Creeks - late Coho salmon",2007,473.791044871865,957.98395130028,1378.52744908197,1963.90681605252,3775.6568432149,"Lower Columbia coho",NA
"Mill, Abernathy, and Germany Creeks - late Coho salmon",2008,498.341563718184,934.376642138638,1283.68688799103,1756.19603830387,3274.7500029766,"Lower Columbia coho",NA
"Mill, Abernathy, and Germany Creeks - late Coho salmon",2009,578.877842895128,939.424310376088,1195.78333641948,1510.66226080976,2412.6392693071,"Lower Columbia coho",NA
"Mill, Abernathy, and Germany Creeks - late Coho salmon",2010,949.384663589444,1049.32481353118,1088.1802000218,1128.43282820402,1243.53580065237,"Lower Columbia coho",1094
"Mill, Abernathy, and Germany Creeks - late Coho salmon",2011,574.531918395448,628.820517889646,651.394357427632,676.493737989952,751.787871432753,"Lower Columbia coho",647
"Mill, Abernathy, and Germany Creeks - late Coho salmon",2012,632.084388195612,693.119555251231,717.816588407363,744.409676696954,825.599961922548,"Lower Columbia coho",713
"Mill, Abernathy, and Germany Creeks - late Coho salmon",2013,830.639165525323,911.583887150073,944.767075653387,982.68744525422,1097.15938585526,"Lower Columbia coho",935
"Mill, Abernathy, and Germany Creeks - late Coho salmon",2014,2732.83984948457,3089.83669843459,3223.55311138722,3343.3580225308,3649.95466832282,"Lower Columbia coho",3281
"Mill, Abernathy, and Germany Creeks - late Coho salmon",2015,689.917874507477,760.856902990601,787.704872443883,818.811282815221,916.720379464222,"Lower Columbia coho",783
"Mill, Abernathy, and Germany Creeks - late Coho salmon",2016,1198.6461860121,1321.29912763049,1370.57965836151,1418.73903320827,1551.67612974737,"Lower Columbia coho",1377
"Mill, Abernathy, and Germany Creeks - late Coho salmon",2017,915.110518114487,1006.74150610209,1043.73535137425,1081.75630229529,1197.24292035385,"Lower Columbia coho",1039
"Mill, Abernathy, and Germany Creeks - late Coho salmon",2018,1004.85182870869,1107.67502089291,1148.75121998613,1190.27697143473,1305.51807157124,"Lower Columbia coho",1154
"Mill, Abernathy, and Germany Creeks - late Coho salmon",2019,1553.67425686955,1717.80164565091,1780.76888823373,1846.42146732027,2024.73460973427,"Lower Columbia coho",1794
"Mill, Abernathy, and Germany Creeks - late Coho salmon",2020,1647.65230505358,1802.08203586272,1866.48272005125,1938.58632070661,2157.48853283213,"Lower Columbia coho",1843
"Mill, Abernathy, and Germany Creeks - late Coho salmon",2021,1629.62460256781,1767.23076729769,1828.57587632986,1903.93737511342,2134.86634493787,"Lower Columbia coho",1789
"Mill, Abernathy, and Germany Creeks - late Coho salmon",2022,2076.38970903944,2294.47645216376,2387.57736650376,2470.90057604055,2693.31949359212,"Lower Columbia coho",2424
"Mill, Abernathy, and Germany Creeks - late Coho salmon",2023,2461.92494745478,2706.34265484033,2808.60143012524,2912.58424496372,3190.62634448322,"Lower Columbia coho",2820
"Mill, Abernathy, and Germany Creeks - late Coho salmon",2024,3454.6992289981,3860.95647171038,4016.45536162288,4163.56952521576,4560.62452911419,"Lower Columbia coho",4067
"Mill, Abernathy, and Germany Creeks - late Coho salmon",2025,1920.33200695606,3258.53380999389,4236.84788955392,5452.25059795942,9243.66925284044,"Lower Columbia coho",NA
"Mill, Abernathy, and Germany Creeks - late Coho salmon",2026,1455.41767473975,3055.57756322697,4432.6481381742,6436.33871874365,13543.1143086566,"Lower Columbia coho",NA
"North Fork Lewis River - early and late Coho salmon",2005,783.230278974915,1660.29025707426,2299.02371482293,3198.43191164401,6332.40220298026,"Lower Columbia coho",NA
"North Fork Lewis River - early and late Coho salmon",2006,573.89850170606,1425.54290716327,2162.63992222968,3260.39366654132,7355.07332944057,"Lower Columbia coho",NA
"North Fork Lewis River - early and late Coho salmon",2007,565.444275260999,1373.72534689951,2148.6427650227,3300.02466615784,7963.7019416298,"Lower Columbia coho",NA
"North Fork Lewis River - early and late Coho salmon",2008,640.034296634082,1457.17655091257,2191.10708392912,3377.16990171928,7744.22782553734,"Lower Columbia coho",NA
"North Fork Lewis River - early and late Coho salmon",2009,897.123457246047,1720.36210523253,2361.15491523879,3273.93937982001,6450.20541440887,"Lower Columbia coho",NA
"North Fork Lewis River - early and late Coho salmon",2010,1787.26984836686,2079.25729134563,2207.61431017187,2341.85076870438,2705.35996228066,"Lower Columbia coho",2221
"North Fork Lewis River - early and late Coho salmon",2011,1195.97226504048,1371.56976687342,1452.78651010834,1546.15235492623,1822.47222584208,"Lower Columbia coho",1422
"North Fork Lewis River - early and late Coho salmon",2012,1211.68780766705,1423.40660511921,1516.85914911698,1606.01992393025,1838.60973908342,"Lower Columbia coho",1555
"North Fork Lewis River - early and late Coho salmon",2013,1213.18996883405,1367.4431556762,1445.77355393819,1550.54195164203,1880.38164467393,"Lower Columbia coho",1396
"North Fork Lewis River - early and late Coho salmon",2014,7847.51564010266,9541.40885659498,10192.5050921159,10786.7923290239,12242.4359491266,"Lower Columbia coho",10564
"North Fork Lewis River - early and late Coho salmon",2015,902.772323210048,1030.81544230551,1091.94560879864,1167.02476538849,1401.78613946787,"Lower Columbia coho",1060
"North Fork Lewis River - early and late Coho salmon",2016,2942.91436120568,3432.25413020851,3633.74624729487,3840.6754333421,4451.83505377994,"Lower Columbia coho",3651
"North Fork Lewis River - early and late Coho salmon",2017,3587.20392133034,4261.37996840906,4532.91005641319,4792.08136773598,5462.89577471587,"Lower Columbia coho",4655
"North Fork Lewis River - early and late Coho salmon",2018,2932.23082090878,3425.09519071223,3636.60252045951,3844.16285498684,4407.72743163879,"Lower Columbia coho",3697
"North Fork Lewis River - early and late Coho salmon",2019,3824.56435908595,4353.46296464076,4593.4965364465,4879.02392793245,5804.07189671426,"Lower Columbia coho",4467
"North Fork Lewis River - early and late Coho salmon",2020,5826.82082391788,6844.23644286256,7270.34735949864,7675.45703087568,8738.11737785366,"Lower Columbia coho",7471
"North Fork Lewis River - early and late Coho salmon",2021,4621.3959571387,5244.8995062136,5536.65047132924,5901.54329307655,6909.94123126044,"Lower Columbia coho",5349
"North Fork Lewis River - early and late Coho salmon",2022,4614.10517759513,5382.93623148441,5717.47371220343,6057.2066217435,6963.08519208472,"Lower Columbia coho",5802
"North Fork Lewis River - early and late Coho salmon",2023,3539.50805335154,4162.88934533885,4424.78676036605,4666.22421908693,5343.48749680317,"Lower Columbia coho",4500
"North Fork Lewis River - early and late Coho salmon",2024,2932.46724290517,3365.60519162838,3563.73157771226,3791.37078712584,4475.77110533495,"Lower Columbia coho",3481
"North Fork Lewis River - early and late Coho salmon",2025,1090.24794968856,2448.09293328968,3663.8192804071,5476.20927630959,11870.7348255656,"Lower Columbia coho",NA
"North Fork Lewis River - early and late Coho salmon",2026,693.366632284806,2150.49047273317,3784.27089971472,6614.9763674638,20491.3170229412,"Lower Columbia coho",NA
"North Fork Toutle River - early and late Coho salmon",2005,684.520651170201,1290.70246671233,1742.71587007647,2332.7299673331,4348.10387419577,"Lower Columbia coho",NA
"North Fork Toutle River - early and late Coho salmon",2006,581.994867565789,1194.751131212,1692.17868984834,2397.41009104606,4718.07741760363,"Lower Columbia coho",NA
"North Fork Toutle River - early and late Coho salmon",2007,577.503103063067,1189.07557937528,1710.69198233854,2420.57660459074,4829.62770552757,"Lower Columbia coho",NA
"North Fork Toutle River - early and late Coho salmon",2008,625.140437660111,1225.75341654536,1719.59869341182,2370.72004931236,4485.16207298118,"Lower Columbia coho",NA
"North Fork Toutle River - early and late Coho salmon",2009,822.693371400097,1345.35370813254,1742.86545575841,2244.45966171561,3708.48107830329,"Lower Columbia coho",NA
"North Fork Toutle River - early and late Coho salmon",2010,1472.63542221262,1660.91401721784,1735.34941437951,1801.49469492923,1991.00472717182,"Lower Columbia coho",1758
"North Fork Toutle River - early and late Coho salmon",2011,901.026127348386,989.432989287785,1027.69560125065,1073.56464097298,1204.85860984319,"Lower Columbia coho",1009
"North Fork Toutle River - early and late Coho salmon",2012,1251.73621724338,1381.80604871716,1437.97761763914,1497.17464094377,1664.02182730884,"Lower Columbia coho",1439
"North Fork Toutle River - early and late Coho salmon",2013,2036.76871199455,2291.76759698205,2393.51222490059,2489.02244531247,2747.73172295104,"Lower Columbia coho",2422
"North Fork Toutle River - early and late Coho salmon",2014,4699.46960625562,5274.26643917696,5501.2897361545,5723.64467255456,6375.64833270327,"Lower Columbia coho",5519
"North Fork Toutle River - early and late Coho salmon",2015,810.94106467162,891.312706435033,926.346983667575,968.370248294427,1095.28773987898,"Lower Columbia coho",911
"North Fork Toutle River - early and late Coho salmon",2016,1618.50670238094,1819.18134731255,1903.31829031431,1978.31482859896,2147.48699929688,"Lower Columbia coho",1950
"North Fork Toutle River - early and late Coho salmon",2017,880.638883510365,963.648989657894,1001.68177830338,1043.39131663245,1168.33519473986,"Lower Columbia coho",995
"North Fork Toutle River - early and late Coho salmon",2018,924.956854441926,1012.11936541251,1050.81992263009,1098.49443278683,1233.21587585875,"Lower Columbia coho",1026
"North Fork Toutle River - early and late Coho salmon",2019,1822.09569790815,2052.15728775222,2143.26948242657,2227.98681385142,2430.42169569119,"Lower Columbia coho",2203
"North Fork Toutle River - early and late Coho salmon",2020,1898.84302182727,2082.03601804875,2163.44835727664,2255.07400837676,2508.28787192661,"Lower Columbia coho",2134
"North Fork Toutle River - early and late Coho salmon",2021,2034.54264084331,2242.07371161808,2328.0457773973,2424.1133061363,2685.03319980047,"Lower Columbia coho",2308
"North Fork Toutle River - early and late Coho salmon",2022,2126.41069357629,2370.06398198679,2471.42155653475,2570.59602103017,2808.34292336635,"Lower Columbia coho",2498
"North Fork Toutle River - early and late Coho salmon",2023,1776.13400657567,1972.0027810707,2051.65655580995,2131.54156673224,2366.65210217755,"Lower Columbia coho",2066
"North Fork Toutle River - early and late Coho salmon",2024,2199.72134351754,2442.22615461623,2542.22568839437,2654.69612444878,2980.97436237753,"Lower Columbia coho",2522
"North Fork Toutle River - early and late Coho salmon",2025,1121.48927024954,1978.593813071,2628.402901747,3502.42467618375,6053.14846492431,"Lower Columbia coho",NA
"North Fork Toutle River - early and late Coho salmon",2026,809.117382158986,1762.72299484462,2652.96924434016,3980.85099267411,8800.35557777368,"Lower Columbia coho",NA
"Salmon Creek - late Coho salmon",2005,523.225862749005,914.045440229036,1210.6456333258,1595.01617505546,2829.18720226003,"Lower Columbia coho",NA
"Salmon Creek - late Coho salmon",2006,480.174539856228,888.685064354242,1190.92802150123,1626.79745166426,3088.52793006512,"Lower Columbia coho",NA
"Salmon Creek - late Coho salmon",2007,494.976346362991,896.519412112244,1219.20321870746,1639.03345600451,3049.82575389402,"Lower Columbia coho",NA
"Salmon Creek - late Coho salmon",2008,545.31101117906,948.046613433139,1238.75277374708,1649.96761571081,2887.04713229383,"Lower Columbia coho",NA
"Salmon Creek - late Coho salmon",2009,689.686050558363,1039.82786527273,1290.18556541753,1605.42858375075,2475.89994323266,"Lower Columbia coho",NA
"Salmon Creek - late Coho salmon",2010,1125.59663779693,1243.14010542895,1291.37603894645,1334.151075445,1445.88518435965,"Lower Columbia coho",1309
"Salmon Creek - late Coho salmon",2011,758.914021152288,822.182954820623,849.173614085693,879.543182476573,968.205170784334,"Lower Columbia coho",841
"Salmon Creek - late Coho salmon",2012,827.609764225701,897.406549281191,926.97969061356,960.257230751195,1052.73101068062,"Lower Columbia coho",920
"Salmon Creek - late Coho salmon",2013,1074.04805868914,1173.81409920223,1212.06568107425,1255.75535791913,1374.9872751491,"Lower Columbia coho",1206
"Salmon Creek - late Coho salmon",2014,3073.73936938633,3415.87773059585,3541.91424387344,3662.54275129168,3993.87488723012,"Lower Columbia coho",3580
"Salmon Creek - late Coho salmon",2015,610.008916484148,662.466782424147,684.804940353527,710.4300030348,787.107721392802,"Lower Columbia coho",677
"Salmon Creek - late Coho salmon",2016,1273.60315408066,1390.70986902829,1437.79634480211,1484.58135606914,1606.29796244565,"Lower Columbia coho",1452
"Salmon Creek - late Coho salmon",2017,1091.79029450819,1195.9445849275,1238.11082748443,1280.87324030594,1395.91347043597,"Lower Columbia coho",1245
"Salmon Creek - late Coho salmon",2018,1120.39801703376,1221.98662544343,1266.61180936893,1308.38572513767,1422.6834857677,"Lower Columbia coho",1273
"Salmon Creek - late Coho salmon",2019,1509.1408959605,1650.54752496283,1709.51214501139,1766.0963153332,1918.45399698763,"Lower Columbia coho",1714
"Salmon Creek - late Coho salmon",2020,1558.24602719587,1693.76119931099,1749.6606388167,1808.26773175894,1971.47569071501,"Lower Columbia coho",1746
"Salmon Creek - late Coho salmon",2021,1441.88284457287,1570.29032032663,1624.3773235344,1678.07374825638,1835.7395144274,"Lower Columbia coho",1629
"Salmon Creek - late Coho salmon",2022,1210.6369991254,1321.87967163915,1367.9349723783,1414.07485635636,1546.53302360099,"Lower Columbia coho",1367
"Salmon Creek - late Coho salmon",2023,1021.14952227731,1096.70758327899,1132.95365191987,1180.01033218008,1303.99599509396,"Lower Columbia coho",1107
"Salmon Creek - late Coho salmon",2024,1421.76053637436,1567.19085999242,1625.69038783207,1680.2578004199,1830.95990508814,"Lower Columbia coho",1643
"Salmon Creek - late Coho salmon",2025,782.725192303289,1303.41164327078,1652.56743755678,2091.90429937931,3378.60362439745,"Lower Columbia coho",NA
"Salmon Creek - late Coho salmon",2026,588.190385387393,1200.14434892764,1681.46401773252,2332.01815100304,4587.43929052208,"Lower Columbia coho",NA
"South Fork Toutle River - early and late Coho salmon",2005,708.587038310316,1350.30355076647,1815.75355571307,2449.80126441208,4730.99829240002,"Lower Columbia coho",NA
"South Fork Toutle River - early and late Coho salmon",2006,611.427447693567,1277.92210966874,1806.81243882571,2580.89068384487,5210.61022551382,"Lower Columbia coho",NA
"South Fork Toutle River - early and late Coho salmon",2007,606.509215846545,1267.25435712571,1831.07144902158,2648.11609435944,5450.24099739088,"Lower Columbia coho",NA
"South Fork Toutle River - early and late Coho salmon",2008,688.811448229136,1323.58721986125,1847.53979819216,2604.60664500441,5101.1017236847,"Lower Columbia coho",NA
"South Fork Toutle River - early and late Coho salmon",2009,882.971289340844,1448.6838158614,1908.04897443832,2487.24709611564,4177.5935182868,"Lower Columbia coho",NA
"South Fork Toutle River - early and late Coho salmon",2010,1627.6698911882,1813.43281358884,1889.92776733223,1966.3573572829,2190.84149404879,"Lower Columbia coho",1889
"South Fork Toutle River - early and late Coho salmon",2011,1153.88849220278,1265.53988715348,1314.63908788007,1373.80869072792,1546.58927684453,"Lower Columbia coho",1295
"South Fork Toutle River - early and late Coho salmon",2012,1721.79174392603,1928.31256147074,2010.41290424732,2090.34815225641,2297.16987279593,"Lower Columbia coho",2037
"South Fork Toutle River - early and late Coho salmon",2013,2593.54128437052,2886.86363998589,3002.76481464115,3134.95819422041,3512.1459925835,"Lower Columbia coho",2979
"South Fork Toutle River - early and late Coho salmon",2014,8363.31001393936,9498.90371957227,9945.58026876745,10350.6152489743,11469.8163646233,"Lower Columbia coho",10117
"South Fork Toutle River - early and late Coho salmon",2015,1410.48817988925,1572.97261986895,1640.97311837215,1709.81887205512,1901.99617371939,"Lower Columbia coho",1649
"South Fork Toutle River - early and late Coho salmon",2016,2304.27121383682,2576.34858054232,2688.35886926964,2794.25522300518,3081.28729158652,"Lower Columbia coho",2722
"South Fork Toutle River - early and late Coho salmon",2017,1169.60835841059,1287.98965404213,1340.1836338429,1398.08070424152,1567.4102953441,"Lower Columbia coho",1321
"South Fork Toutle River - early and late Coho salmon",2018,1102.90433222298,1209.7231080605,1256.83780885023,1312.24427055026,1472.91952577345,"Lower Columbia coho",1238
"South Fork Toutle River - early and late Coho salmon",2019,1989.35023334092,2223.68368538888,2317.68572804952,2411.85630405486,2675.56977917284,"Lower Columbia coho",2336
"South Fork Toutle River - early and late Coho salmon",2020,2153.3253701432,2386.36305429089,2487.61835979326,2588.01878425676,2854.86568765059,"Lower Columbia coho",2508
"South Fork Toutle River - early and late Coho salmon",2021,2251.51052507472,2502.69448478041,2614.98561984512,2719.9920709618,2994.90660357039,"Lower Columbia coho",2641
"South Fork Toutle River - early and late Coho salmon",2022,1764.6615668086,1940.32742729771,2019.1471463551,2104.69289900274,2354.20962569432,"Lower Columbia coho",1990
"South Fork Toutle River - early and late Coho salmon",2023,1678.13031545346,1860.41160028934,1937.69111936373,2017.51281666999,2246.6641529849,"Lower Columbia coho",1931
"South Fork Toutle River - early and late Coho salmon",2024,2274.53947654537,2536.79638345255,2644.31316054649,2756.12846410006,3100.09125348296,"Lower Columbia coho",2638
"South Fork Toutle River - early and late Coho salmon",2025,1125.2713717924,2020.075442989,2709.05201136169,3614.63689313097,6417.00917896501,"Lower Columbia coho",NA
"South Fork Toutle River - early and late Coho salmon",2026,779.66084039666,1819.89207336342,2749.98292337502,4136.71910585401,9347.62938956599,"Lower Columbia coho",NA
"Tilton River - early and late Coho salmon",2005,746.364809896896,1090.43127063891,1232.10059352981,1349.66485240706,1641.79630716379,"Lower Columbia coho",1331
"Tilton River - early and late Coho salmon",2006,536.522785999767,687.984135937437,753.163961910482,831.632568353713,1096.32265411275,"Lower Columbia coho",738
"Tilton River - early and late Coho salmon",2007,581.503458224356,757.494004535692,827.976196153871,908.824883641427,1191.26267169868,"Lower Columbia coho",827
"Tilton River - early and late Coho salmon",2008,656.667471768754,844.474358085276,923.324853810281,1016.4325843696,1316.25410814761,"Lower Columbia coho",915
"Tilton River - early and late Coho salmon",2009,880.771447703624,1161.49678757072,1282.29868387777,1407.10080283192,1780.80614127308,"Lower Columbia coho",1306
"Tilton River - early and late Coho salmon",2010,690.374829528325,857.68091267432,936.632279306746,1043.01769362759,1454.59168337982,"Lower Columbia coho",896
"Tilton River - early and late Coho salmon",2011,1191.06412056912,1662.53132089721,1856.72390883519,2022.77280788714,2479.04263104367,"Lower Columbia coho",1962
"Tilton River - early and late Coho salmon",2012,1042.90093690964,1257.08008905213,1379.83104757849,1548.69529918806,2224.12540219204,"Lower Columbia coho",1269
"Tilton River - early and late Coho salmon",2013,1715.96046461421,2306.85709815984,2554.57240909999,2792.04838550139,3540.69973352732,"Lower Columbia coho",2650
"Tilton River - early and late Coho salmon",2014,5290.29193039992,7682.77391011141,8555.88613955272,9390.34657248424,11725.1916292549,"Lower Columbia coho",8915
"Tilton River - early and late Coho salmon",2015,978.771837842444,1255.09099518731,1376.01090429812,1512.31882095318,2036.99845635414,"Lower Columbia coho",1360
"Tilton River - early and late Coho salmon",2016,1990.61751466228,2491.51704243724,2720.48150631247,2994.3693783834,3993.27698290781,"Lower Columbia coho",2626
"Tilton River - early and late Coho salmon",2017,2695.26355618133,4180.26276157252,4734.79405281532,5174.83117683262,6271.2814176331,"Lower Columbia coho",5193
"Tilton River - early and late Coho salmon",2018,1029.39602315109,1272.00740601172,1385.62021817391,1548.64164800144,2206.08947806687,"Lower Columbia coho",1321
"Tilton River - early and late Coho salmon",2019,1176.60034776491,1466.42930569896,1606.10559690806,1788.32157206119,2474.23055918625,"Lower Columbia coho",1556
"Tilton River - early and late Coho salmon",2020,1838.83576420287,2277.57293596062,2487.34282789228,2753.68468012826,3734.87844388904,"Lower Columbia coho",2399
"Tilton River - early and late Coho salmon",2021,3842.77064406425,5492.98764496935,6124.33994820447,6701.07837088936,8258.57279664979,"Lower Columbia coho",6393
"Tilton River - early and late Coho salmon",2022,3744.58864139212,5923.39949827666,6686.49121955864,7315.98621069154,8831.72478375247,"Lower Columbia coho",7257
"Tilton River - early and late Coho salmon",2023,1041.27807051523,1285.81835250609,1406.81024783211,1558.31716587993,2155.99588893956,"Lower Columbia coho",1337
"Tilton River - early and late Coho salmon",2024,704.813358780601,853.504305378356,939.187713596048,1069.61900704327,1736.2089650666,"Lower Columbia coho",859
"Tilton River - early and late Coho salmon",2025,169.09269317126,545.238873663182,981.037797618336,1725.84372049772,5532.88851695908,"Lower Columbia coho",NA
"Tilton River - early and late Coho salmon",2026,80.9763835367929,431.07388404249,968.225174750557,2208.0608768833,11226.1406684612,"Lower Columbia coho",NA
"Upper Cowlitz River - early and late Coho salmon",2005,3013.43945889748,5088.09002824364,6182.61869210922,7580.96504655247,12141.1226601924,"Lower Columbia coho",5788
"Upper Cowlitz River - early and late Coho salmon",2006,2254.64074307315,4277.40106203323,5418.92541569888,6762.74296631463,12690.6826775474,"Lower Columbia coho",5486
"Upper Cowlitz River - early and late Coho salmon",2007,1670.20694879641,3196.18013414924,4000.95390397433,5054.45059413614,9708.25529329941,"Lower Columbia coho",3915
"Upper Cowlitz River - early and late Coho salmon",2008,2022.45411399004,3757.32588362257,4731.3183924973,5911.83608145489,11080.4660173027,"Lower Columbia coho",4749
"Upper Cowlitz River - early and late Coho salmon",2009,2235.8348259466,4419.75330301319,5586.20384680899,7033.09799566052,12611.0376621414,"Lower Columbia coho",5751
"Upper Cowlitz River - early and late Coho salmon",2010,1299.99958159532,2377.80601726931,2960.00187731637,3765.07878581097,7109.16074631407,"Lower Columbia coho",2774
"Upper Cowlitz River - early and late Coho salmon",2011,1480.02907792253,4830.7282446838,6502.80705636635,8124.40486149858,13054.7292176275,"Lower Columbia coho",7614
"Upper Cowlitz River - early and late Coho salmon",2012,433.516965634886,1019.81844218997,1352.22007111417,1696.82098463497,2748.72497318246,"Lower Columbia coho",1601
"Upper Cowlitz River - early and late Coho salmon",2013,10.0911885936213,14.8759894162541,19.869301280749,31.5336683087983,404.627893329246,"Lower Columbia coho",13
"Upper Cowlitz River - early and late Coho salmon",2014,1469.36390006225,4423.61839753665,5909.22082151334,7375.92622910296,12493.573054494,"Lower Columbia coho",6849
"Upper Cowlitz River - early and late Coho salmon",2015,142.930052022812,287.239938875272,365.08797411355,459.392214307889,928.508676301904,"Lower Columbia coho",373
"Upper Cowlitz River - early and late Coho salmon",2016,445.592549341848,774.956186112875,959.30724566636,1207.17434935063,2312.67130680538,"Lower Columbia coho",911
"Upper Cowlitz River - early and late Coho salmon",2017,1149.76545311886,3232.83407220427,4354.87059076935,5467.72523225723,8751.22416983567,"Lower Columbia coho",5200
"Upper Cowlitz River - early and late Coho salmon",2018,117.552159871237,180.779673645748,231.90482842721,331.373194405423,1552.7499709436,"Lower Columbia coho",172
"Upper Cowlitz River - early and late Coho salmon",2019,1153.67743599714,2423.92568842364,3145.4433819015,3878.7534437747,6669.8803193748,"Lower Columbia coho",3561
"Upper Cowlitz River - early and late Coho salmon",2020,3432.48645067016,6909.32290300053,8752.65034271257,10883.6018455735,19612.7598226592,"Lower Columbia coho",8911
"Upper Cowlitz River - early and late Coho salmon",2021,3761.36033209461,7459.57662448073,9432.4343907082,11807.5652119334,21397.3461062459,"Lower Columbia coho",9661
"Upper Cowlitz River - early and late Coho salmon",2022,4594.43063121598,9077.06845571268,11479.2504177334,14440.2279058422,26469.6162938421,"Lower Columbia coho",11508
"Upper Cowlitz River - early and late Coho salmon",2023,2951.53768794191,5127.5060717179,6434.25220501994,8169.06938734203,15838.9169100467,"Lower Columbia coho",6267
"Upper Cowlitz River - early and late Coho salmon",2024,4972.36286603773,8786.89878266512,11054.0604052616,13542.1029919633,21451.7909931645,"Lower Columbia coho",12120
"Upper Cowlitz River - early and late Coho salmon",2025,183.092733388102,2923.96332014829,10950.3063192426,42115.4149497068,731203.765515669,"Lower Columbia coho",NA
"Upper Cowlitz River - early and late Coho salmon",2026,35.4146375401636,1799.61255352473,11911.0783573637,75538.5056769123,3636397.31552719,"Lower Columbia coho",NA
"Washougal River - late Coho salmon",2005,272.633251207092,520.510299330156,697.631953254102,928.761208479375,1621.97001667873,"Lower Columbia coho",NA
"Washougal River - late Coho salmon",2006,235.868804354678,487.568258228353,682.145089808666,959.895923932677,1830.7960792422,"Lower Columbia coho",NA
"Washougal River - late Coho salmon",2007,231.784344452103,484.422451867751,681.301078853441,959.112241233435,1897.31221069293,"Lower Columbia coho",NA
"Washougal River - late Coho salmon",2008,266.428162232911,500.154595071184,691.328622674595,943.026142363715,1760.25818565073,"Lower Columbia coho",NA
"Washougal River - late Coho salmon",2009,329.844403240012,549.647700771689,699.978517564834,890.575452836871,1446.09451153467,"Lower Columbia coho",NA
"Washougal River - late Coho salmon",2010,584.347401448414,657.520823673196,684.596835535464,711.284333328305,783.00116201667,"Lower Columbia coho",690
"Washougal River - late Coho salmon",2011,387.427074709809,427.580944475825,444.287547618036,461.454535361108,510.642126848084,"Lower Columbia coho",446
"Washougal River - late Coho salmon",2012,368.795680004112,409.119327596739,425.202192894207,443.192391943939,490.306908799323,"Lower Columbia coho",422
"Washougal River - late Coho salmon",2013,406.210593752926,452.971870645107,472.388317139919,490.972752285937,540.931250810114,"Lower Columbia coho",477
"Washougal River - late Coho salmon",2014,839.670550905064,939.702187123511,977.434105206031,1017.11455983792,1132.2354160712,"Lower Columbia coho",979
"Washougal River - late Coho salmon",2015,137.515261294496,150.577767061448,156.526862996306,163.673353329391,184.266831829653,"Lower Columbia coho",154
"Washougal River - late Coho salmon",2016,284.632758956843,314.276379241245,326.353150246989,338.924299572471,374.580613213119,"Lower Columbia coho",325
"Washougal River - late Coho salmon",2017,244.312097203082,271.042234373508,281.983416714016,293.08866173237,324.672255677534,"Lower Columbia coho",283
"Washougal River - late Coho salmon",2018,275.368536402856,302.339410961899,314.115064361807,327.306564963608,365.38008210649,"Lower Columbia coho",310
"Washougal River - late Coho salmon",2019,506.631781331481,558.378150756935,580.860566764036,604.518782129103,672.446252470203,"Lower Columbia coho",580
"Washougal River - late Coho salmon",2020,731.480036232237,818.406621116277,855.226401194914,887.072188392435,971.405133595859,"Lower Columbia coho",878
"Washougal River - late Coho salmon",2021,703.769764490814,771.390527543666,800.54324117279,835.137836532563,931.284608288125,"Lower Columbia coho",787
"Washougal River - late Coho salmon",2022,708.402146230094,790.023716844282,823.338690538775,855.109528961113,940.446114488549,"Lower Columbia coho",835
"Washougal River - late Coho salmon",2023,581.768439862283,634.681882415199,660.190168494114,690.134139803123,772.285765256909,"Lower Columbia coho",645
"Washougal River - late Coho salmon",2024,906.397415987448,1016.27270770213,1059.40843190298,1099.08880979481,1213.41956714799,"Lower Columbia coho",1076
"Washougal River - late Coho salmon",2025,472.30101966229,819.477790816333,1077.91715600979,1432.68815537584,2504.94622471277,"Lower Columbia coho",NA
"Washougal River - late Coho salmon",2026,339.402302056304,745.061210778707,1106.45879634882,1618.14558169556,3611.87851142582,"Lower Columbia coho",NA
