"ESU","MAJOR_POPULATION_GROUP","COMMON_POPULATION_NAME","SPECIES","RUN_TIMING","STREAM_NAME","BROOD_YEAR","NUMBER_OF_SPAWNERS","FRACWILD","CATCH","AGE_1_RETURNS","AGE_2_RETURNS","AGE_3_RETURNS","AGE_4_RETURNS","AGE_5_RETURNS","AGE_6_RETURNS","AGE_7_RETURNS"
"Lower Columbia coho","Cascade","Coweeman River - late Coho salmon","Coho salmon","Late","Coweeman River",2010,3919,1,-99,-99,-99,-99,-99,-99,-99,-99
"Lower Columbia coho","Cascade","Coweeman River - late Coho salmon","Coho salmon","Late","Coweeman River",2011,3927,1,-99,-99,-99,-99,-99,-99,-99,-99
"Lower Columbia coho","Cascade","Coweeman River - late Coho salmon","Coho salmon","Late","Coweeman River",2012,3698,1,-99,-99,-99,-99,-99,-99,-99,-99
"Lower Columbia coho","Cascade","Coweeman River - late Coho salmon","Coho salmon","Late","Coweeman River",2013,4144,1,-99,-99,-99,-99,-99,-99,-99,-99
"Lower Columbia coho","Cascade","Coweeman River - late Coho salmon","Coho salmon","Late","Coweeman River",2014,7469,1,-99,-99,-99,-99,-99,-99,-99,-99
"Lower Columbia coho","Cascade","Coweeman River - late Coho salmon","Coho salmon","Late","Coweeman River",2015,1283,1,-99,-99,-99,-99,-99,-99,-99,-99
"Lower Columbia coho","Cascade","Coweeman River - late Coho salmon","Coho salmon","Late","Coweeman River",2016,3346,1,-99,-99,-99,-99,-99,-99,-99,-99
"Lower Columbia coho","Cascade","Coweeman River - late Coho salmon","Coho salmon","Late","Coweeman River",2017,2687,1,-99,-99,-99,-99,-99,-99,-99,-99
"Lower Columbia coho","Cascade","Coweeman River - late Coho salmon","Coho salmon","Late","Coweeman River",2018,2923,1,-99,-99,-99,-99,-99,-99,-99,-99
"Lower Columbia coho","Cascade","Coweeman River - late Coho salmon","Coho salmon","Late","Coweeman River",2019,3416,1,-99,-99,-99,-99,-99,-99,-99,-99
"Lower Columbia coho","Cascade","Coweeman River - late Coho salmon","Coho salmon","Late","Coweeman River",2020,4708,1,-99,-99,-99,-99,-99,-99,-99,-99
"Lower Columbia coho","Cascade","Coweeman River - late Coho salmon","Coho salmon","Late","Coweeman River",2021,4767,1,-99,-99,-99,-99,-99,-99,-99,-99
"Lower Columbia coho","Cascade","Coweeman River - late Coho salmon","Coho salmon","Late","Coweeman River",2022,4101,1,-99,-99,-99,-99,-99,-99,-99,-99
"Lower Columbia coho","Cascade","Coweeman River - late Coho salmon","Coho salmon","Late","Coweeman River",2023,2850,1,-99,-99,-99,-99,-99,-99,-99,-99
"Lower Columbia coho","Cascade","Coweeman River - late Coho salmon","Coho salmon","Late","Coweeman River",2024,2350,1,-99,-99,-99,-99,-99,-99,-99,-99
"Lower Columbia coho","Cascade","East Fork Lewis River - early and late Coho salmon","Coho salmon","Both early & late","East Fork Lewis River",2010,1462,1,-99,-99,-99,-99,-99,-99,-99,-99
"Lower Columbia coho","Cascade","East Fork Lewis River - early and late Coho salmon","Coho salmon","Both early & late","East Fork Lewis River",2011,1386,1,-99,-99,-99,-99,-99,-99,-99,-99
"Lower Columbia coho","Cascade","East Fork Lewis River - early and late Coho salmon","Coho salmon","Both early & late","East Fork Lewis River",2012,3226,1,-99,-99,-99,-99,-99,-99,-99,-99
"Lower Columbia coho","Cascade","East Fork Lewis River - early and late Coho salmon","Coho salmon","Both early & late","East Fork Lewis River",2013,2800,1,-99,-99,-99,-99,-99,-99,-99,-99
"Lower Columbia coho","Cascade","East Fork Lewis River - early and late Coho salmon","Coho salmon","Both early & late","East Fork Lewis River",2014,4884,1,-99,-99,-99,-99,-99,-99,-99,-99
"Lower Columbia coho","Cascade","East Fork Lewis River - early and late Coho salmon","Coho salmon","Both early & late","East Fork Lewis River",2015,565,1,-99,-99,-99,-99,-99,-99,-99,-99
"Lower Columbia coho","Cascade","East Fork Lewis River - early and late Coho salmon","Coho salmon","Both early & late","East Fork Lewis River",2016,1238,1,-99,-99,-99,-99,-99,-99,-99,-99
"Lower Columbia coho","Cascade","East Fork Lewis River - early and late Coho salmon","Coho salmon","Both early & late","East Fork Lewis River",2017,1559,1,-99,-99,-99,-99,-99,-99,-99,-99
"Lower Columbia coho","Cascade","East Fork Lewis River - early and late Coho salmon","Coho salmon","Both early & late","East Fork Lewis River",2018,1648,1,-99,-99,-99,-99,-99,-99,-99,-99
"Lower Columbia coho","Cascade","East Fork Lewis River - early and late Coho salmon","Coho salmon","Both early & late","East Fork Lewis River",2019,2304,1,-99,-99,-99,-99,-99,-99,-99,-99
"Lower Columbia coho","Cascade","East Fork Lewis River - early and late Coho salmon","Coho salmon","Both early & late","East Fork Lewis River",2020,2319,1,-99,-99,-99,-99,-99,-99,-99,-99
"Lower Columbia coho","Cascade","East Fork Lewis River - early and late Coho salmon","Coho salmon","Both early & late","East Fork Lewis River",2021,4507,1,-99,-99,-99,-99,-99,-99,-99,-99
"Lower Columbia coho","Cascade","East Fork Lewis River - early and late Coho salmon","Coho salmon","Both early & late","East Fork Lewis River",2022,3242,1,-99,-99,-99,-99,-99,-99,-99,-99
"Lower Columbia coho","Cascade","East Fork Lewis River - early and late Coho salmon","Coho salmon","Both early & late","East Fork Lewis River",2023,1843,1,-99,-99,-99,-99,-99,-99,-99,-99
"Lower Columbia coho","Cascade","East Fork Lewis River - early and late Coho salmon","Coho salmon","Both early & late","East Fork Lewis River",2024,4153,1,-99,-99,-99,-99,-99,-99,-99,-99
"Lower Columbia coho","Coastal","Elochoman River - late Coho salmon","Coho salmon","Late","Elochoman/Skamokawa",2010,964,1,-99,-99,-99,-99,-99,-99,-99,-99
"Lower Columbia coho","Coastal","Elochoman River - late Coho salmon","Coho salmon","Late","Elochoman/Skamokawa",2011,667,1,-99,-99,-99,-99,-99,-99,-99,-99
"Lower Columbia coho","Coastal","Elochoman River - late Coho salmon","Coho salmon","Late","Elochoman/Skamokawa",2012,593,1,-99,-99,-99,-99,-99,-99,-99,-99
"Lower Columbia coho","Coastal","Elochoman River - late Coho salmon","Coho salmon","Late","Elochoman/Skamokawa",2013,898,1,-99,-99,-99,-99,-99,-99,-99,-99
"Lower Columbia coho","Coastal","Elochoman River - late Coho salmon","Coho salmon","Late","Elochoman/Skamokawa",2014,3673,1,-99,-99,-99,-99,-99,-99,-99,-99
"Lower Columbia coho","Coastal","Elochoman River - late Coho salmon","Coho salmon","Late","Elochoman/Skamokawa",2015,412,1,-99,-99,-99,-99,-99,-99,-99,-99
"Lower Columbia coho","Coastal","Elochoman River - late Coho salmon","Coho salmon","Late","Elochoman/Skamokawa",2016,907,1,-99,-99,-99,-99,-99,-99,-99,-99
"Lower Columbia coho","Coastal","Elochoman River - late Coho salmon","Coho salmon","Late","Elochoman/Skamokawa",2017,1006,1,-99,-99,-99,-99,-99,-99,-99,-99
"Lower Columbia coho","Coastal","Elochoman River - late Coho salmon","Coho salmon","Late","Elochoman/Skamokawa",2018,1189,1,-99,-99,-99,-99,-99,-99,-99,-99
"Lower Columbia coho","Coastal","Elochoman River - late Coho salmon","Coho salmon","Late","Elochoman/Skamokawa",2019,1853,1,-99,-99,-99,-99,-99,-99,-99,-99
"Lower Columbia coho","Coastal","Elochoman River - late Coho salmon","Coho salmon","Late","Elochoman/Skamokawa",2020,1982,1,-99,-99,-99,-99,-99,-99,-99,-99
"Lower Columbia coho","Coastal","Elochoman River - late Coho salmon","Coho salmon","Late","Elochoman/Skamokawa",2021,1747,1,-99,-99,-99,-99,-99,-99,-99,-99
"Lower Columbia coho","Coastal","Elochoman River - late Coho salmon","Coho salmon","Late","Elochoman/Skamokawa",2022,1065,1,-99,-99,-99,-99,-99,-99,-99,-99
"Lower Columbia coho","Coastal","Elochoman River - late Coho salmon","Coho salmon","Late","Elochoman/Skamokawa",2023,1559,1,-99,-99,-99,-99,-99,-99,-99,-99
"Lower Columbia coho","Coastal","Elochoman River - late Coho salmon","Coho salmon","Late","Elochoman/Skamokawa",2024,1975,1,-99,-99,-99,-99,-99,-99,-99,-99
"Lower Columbia coho","Coastal","Grays and Chinook Rivers - late Coho salmon","Coho salmon","Late","Grays River",2010,495,1,-99,-99,-99,-99,-99,-99,-99,-99
"Lower Columbia coho","Coastal","Grays and Chinook Rivers - late Coho salmon","Coho salmon","Late","Grays River",2011,339,1,-99,-99,-99,-99,-99,-99,-99,-99
"Lower Columbia coho","Coastal","Grays and Chinook Rivers - late Coho salmon","Coho salmon","Late","Grays River",2012,471,1,-99,-99,-99,-99,-99,-99,-99,-99
"Lower Columbia coho","Coastal","Grays and Chinook Rivers - late Coho salmon","Coho salmon","Late","Grays River",2013,795,1,-99,-99,-99,-99,-99,-99,-99,-99
"Lower Columbia coho","Coastal","Grays and Chinook Rivers - late Coho salmon","Coho salmon","Late","Grays River",2014,2705,1,-99,-99,-99,-99,-99,-99,-99,-99
"Lower Columbia coho","Coastal","Grays and Chinook Rivers - late Coho salmon","Coho salmon","Late","Grays River",2015,341,1,-99,-99,-99,-99,-99,-99,-99,-99
"Lower Columbia coho","Coastal","Grays and Chinook Rivers - late Coho salmon","Coho salmon","Late","Grays River",2016,674,1,-99,-99,-99,-99,-99,-99,-99,-99
"Lower Columbia coho","Coastal","Grays and Chinook Rivers - late Coho salmon","Coho salmon","Late","Grays River",2017,459,1,-99,-99,-99,-99,-99,-99,-99,-99
"Lower Columbia coho","Coastal","Grays and Chinook Rivers - late Coho salmon","Coho salmon","Late","Grays River",2018,468,1,-99,-99,-99,-99,-99,-99,-99,-99
"Lower Columbia coho","Coastal","Grays and Chinook Rivers - late Coho salmon","Coho salmon","Late","Grays River",2019,800,1,-99,-99,-99,-99,-99,-99,-99,-99
"Lower Columbia coho","Coastal","Grays and Chinook Rivers - late Coho salmon","Coho salmon","Late","Grays River",2020,1007,1,-99,-99,-99,-99,-99,-99,-99,-99
"Lower Columbia coho","Coastal","Grays and Chinook Rivers - late Coho salmon","Coho salmon","Late","Grays River",2021,1141,1,-99,-99,-99,-99,-99,-99,-99,-99
"Lower Columbia coho","Coastal","Grays and Chinook Rivers - late Coho salmon","Coho salmon","Late","Grays River",2022,990,1,-99,-99,-99,-99,-99,-99,-99,-99
"Lower Columbia coho","Coastal","Grays and Chinook Rivers - late Coho salmon","Coho salmon","Late","Grays River",2023,923,1,-99,-99,-99,-99,-99,-99,-99,-99
"Lower Columbia coho","Coastal","Grays and Chinook Rivers - late Coho salmon","Coho salmon","Late","Grays River",2024,1170,1,-99,-99,-99,-99,-99,-99,-99,-99
"Lower Columbia coho","Cascade","Kalama River - late Coho salmon","Coho salmon","Late","Kalama River",2010,72,1,-99,-99,-99,-99,-99,-99,-99,-99
"Lower Columbia coho","Cascade","Kalama River - late Coho salmon","Coho salmon","Late","Kalama River",2011,39,1,-99,-99,-99,-99,-99,-99,-99,-99
"Lower Columbia coho","Cascade","Kalama River - late Coho salmon","Coho salmon","Late","Kalama River",2012,40,1,-99,-99,-99,-99,-99,-99,-99,-99
"Lower Columbia coho","Cascade","Kalama River - late Coho salmon","Coho salmon","Late","Kalama River",2013,50,1,-99,-99,-99,-99,-99,-99,-99,-99
"Lower Columbia coho","Cascade","Kalama River - late Coho salmon","Coho salmon","Late","Kalama River",2014,139,1,-99,-99,-99,-99,-99,-99,-99,-99
"Lower Columbia coho","Cascade","Kalama River - late Coho salmon","Coho salmon","Late","Kalama River",2015,27,1,-99,-99,-99,-99,-99,-99,-99,-99
"Lower Columbia coho","Cascade","Kalama River - late Coho salmon","Coho salmon","Late","Kalama River",2016,64,1,-99,-99,-99,-99,-99,-99,-99,-99
"Lower Columbia coho","Cascade","Kalama River - late Coho salmon","Coho salmon","Late","Kalama River",2017,57,1,-99,-99,-99,-99,-99,-99,-99,-99
"Lower Columbia coho","Cascade","Kalama River - late Coho salmon","Coho salmon","Late","Kalama River",2018,74,1,-99,-99,-99,-99,-99,-99,-99,-99
"Lower Columbia coho","Cascade","Kalama River - late Coho salmon","Coho salmon","Late","Kalama River",2019,124,1,-99,-99,-99,-99,-99,-99,-99,-99
"Lower Columbia coho","Cascade","Kalama River - late Coho salmon","Coho salmon","Late","Kalama River",2020,228,1,-99,-99,-99,-99,-99,-99,-99,-99
"Lower Columbia coho","Cascade","Kalama River - late Coho salmon","Coho salmon","Late","Kalama River",2021,207,1,-99,-99,-99,-99,-99,-99,-99,-99
"Lower Columbia coho","Cascade","Kalama River - late Coho salmon","Coho salmon","Late","Kalama River",2022,209,1,-99,-99,-99,-99,-99,-99,-99,-99
"Lower Columbia coho","Cascade","Kalama River - late Coho salmon","Coho salmon","Late","Kalama River",2023,199,1,-99,-99,-99,-99,-99,-99,-99,-99
"Lower Columbia coho","Cascade","Kalama River - late Coho salmon","Coho salmon","Late","Kalama River",2024,186,1,-99,-99,-99,-99,-99,-99,-99,-99
"Lower Columbia coho","Cascade","Lower Cowlitz River - late Coho salmon","Coho salmon","Late (Type N)","Lower Cowlitz River",2010,7002,1,-99,-99,-99,-99,-99,-99,-99,-99
"Lower Columbia coho","Cascade","Lower Cowlitz River - late Coho salmon","Coho salmon","Late (Type N)","Lower Cowlitz River",2011,5254,1,-99,-99,-99,-99,-99,-99,-99,-99
"Lower Columbia coho","Cascade","Lower Cowlitz River - late Coho salmon","Coho salmon","Late (Type N)","Lower Cowlitz River",2012,4872,1,-99,-99,-99,-99,-99,-99,-99,-99
"Lower Columbia coho","Cascade","Lower Cowlitz River - late Coho salmon","Coho salmon","Late (Type N)","Lower Cowlitz River",2013,6192,1,-99,-99,-99,-99,-99,-99,-99,-99
"Lower Columbia coho","Cascade","Lower Cowlitz River - late Coho salmon","Coho salmon","Late (Type N)","Lower Cowlitz River",2014,25766,1,-99,-99,-99,-99,-99,-99,-99,-99
"Lower Columbia coho","Cascade","Lower Cowlitz River - late Coho salmon","Coho salmon","Late (Type N)","Lower Cowlitz River",2015,2623,1,-99,-99,-99,-99,-99,-99,-99,-99
"Lower Columbia coho","Cascade","Lower Cowlitz River - late Coho salmon","Coho salmon","Late (Type N)","Lower Cowlitz River",2016,4634,1,-99,-99,-99,-99,-99,-99,-99,-99
"Lower Columbia coho","Cascade","Lower Cowlitz River - late Coho salmon","Coho salmon","Late (Type N)","Lower Cowlitz River",2017,2957,1,-99,-99,-99,-99,-99,-99,-99,-99
"Lower Columbia coho","Cascade","Lower Cowlitz River - late Coho salmon","Coho salmon","Late (Type N)","Lower Cowlitz River",2018,2913,1,-99,-99,-99,-99,-99,-99,-99,-99
"Lower Columbia coho","Cascade","Lower Cowlitz River - late Coho salmon","Coho salmon","Late (Type N)","Lower Cowlitz River",2019,3331,1,-99,-99,-99,-99,-99,-99,-99,-99
"Lower Columbia coho","Cascade","Lower Cowlitz River - late Coho salmon","Coho salmon","Late (Type N)","Lower Cowlitz River",2020,4902,1,-99,-99,-99,-99,-99,-99,-99,-99
"Lower Columbia coho","Cascade","Lower Cowlitz River - late Coho salmon","Coho salmon","Late (Type N)","Lower Cowlitz River",2021,5981,1,-99,-99,-99,-99,-99,-99,-99,-99
"Lower Columbia coho","Cascade","Lower Cowlitz River - late Coho salmon","Coho salmon","Late (Type N)","Lower Cowlitz River",2022,4705,1,-99,-99,-99,-99,-99,-99,-99,-99
"Lower Columbia coho","Cascade","Lower Cowlitz River - late Coho salmon","Coho salmon","Late (Type N)","Lower Cowlitz River",2023,6180,1,-99,-99,-99,-99,-99,-99,-99,-99
"Lower Columbia coho","Cascade","Lower Cowlitz River - late Coho salmon","Coho salmon","Late (Type N)","Lower Cowlitz River",2024,11304,1,-99,-99,-99,-99,-99,-99,-99,-99
"Lower Columbia coho","Gorge","Lower Gorge Tributaries - late Coho salmon","Coho salmon","Early (Type S)","Lower Gorge Tributaries",2010,605,1,-99,-99,-99,-99,-99,-99,-99,-99
"Lower Columbia coho","Gorge","Lower Gorge Tributaries - late Coho salmon","Coho salmon","Early (Type S)","Lower Gorge Tributaries",2011,478,1,-99,-99,-99,-99,-99,-99,-99,-99
"Lower Columbia coho","Gorge","Lower Gorge Tributaries - late Coho salmon","Coho salmon","Early (Type S)","Lower Gorge Tributaries",2012,546,1,-99,-99,-99,-99,-99,-99,-99,-99
"Lower Columbia coho","Gorge","Lower Gorge Tributaries - late Coho salmon","Coho salmon","Early (Type S)","Lower Gorge Tributaries",2013,712,1,-99,-99,-99,-99,-99,-99,-99,-99
"Lower Columbia coho","Gorge","Lower Gorge Tributaries - late Coho salmon","Coho salmon","Early (Type S)","Lower Gorge Tributaries",2014,1992,1,-99,-99,-99,-99,-99,-99,-99,-99
"Lower Columbia coho","Gorge","Lower Gorge Tributaries - late Coho salmon","Coho salmon","Early (Type S)","Lower Gorge Tributaries",2015,385,1,-99,-99,-99,-99,-99,-99,-99,-99
"Lower Columbia coho","Gorge","Lower Gorge Tributaries - late Coho salmon","Coho salmon","Early (Type S)","Lower Gorge Tributaries",2016,787,1,-99,-99,-99,-99,-99,-99,-99,-99
"Lower Columbia coho","Gorge","Lower Gorge Tributaries - late Coho salmon","Coho salmon","Early (Type S)","Lower Gorge Tributaries",2017,566,1,-99,-99,-99,-99,-99,-99,-99,-99
"Lower Columbia coho","Gorge","Lower Gorge Tributaries - late Coho salmon","Coho salmon","Early (Type S)","Lower Gorge Tributaries",2018,617,1,-99,-99,-99,-99,-99,-99,-99,-99
"Lower Columbia coho","Gorge","Lower Gorge Tributaries - late Coho salmon","Coho salmon","Early (Type S)","Lower Gorge Tributaries",2019,1149,1,-99,-99,-99,-99,-99,-99,-99,-99
"Lower Columbia coho","Gorge","Lower Gorge Tributaries - late Coho salmon","Coho salmon","Early (Type S)","Lower Gorge Tributaries",2020,1172,1,-99,-99,-99,-99,-99,-99,-99,-99
"Lower Columbia coho","Gorge","Lower Gorge Tributaries - late Coho salmon","Coho salmon","Early (Type S)","Lower Gorge Tributaries",2021,1343,1,-99,-99,-99,-99,-99,-99,-99,-99
"Lower Columbia coho","Gorge","Lower Gorge Tributaries - late Coho salmon","Coho salmon","Early (Type S)","Lower Gorge Tributaries",2022,1294,1,-99,-99,-99,-99,-99,-99,-99,-99
"Lower Columbia coho","Gorge","Lower Gorge Tributaries - late Coho salmon","Coho salmon","Early (Type S)","Lower Gorge Tributaries",2023,983,1,-99,-99,-99,-99,-99,-99,-99,-99
"Lower Columbia coho","Gorge","Lower Gorge Tributaries - late Coho salmon","Coho salmon","Early (Type S)","Lower Gorge Tributaries",2024,1427,1,-99,-99,-99,-99,-99,-99,-99,-99
"Lower Columbia coho","Coastal","Mill, Abernathy, and Germany Creeks - late Coho salmon","Coho salmon","Late","Mill/Abernathy/Germany",2010,1094,1,-99,-99,-99,-99,-99,-99,-99,-99
"Lower Columbia coho","Coastal","Mill, Abernathy, and Germany Creeks - late Coho salmon","Coho salmon","Late","Mill/Abernathy/Germany",2011,647,1,-99,-99,-99,-99,-99,-99,-99,-99
"Lower Columbia coho","Coastal","Mill, Abernathy, and Germany Creeks - late Coho salmon","Coho salmon","Late","Mill/Abernathy/Germany",2012,713,1,-99,-99,-99,-99,-99,-99,-99,-99
"Lower Columbia coho","Coastal","Mill, Abernathy, and Germany Creeks - late Coho salmon","Coho salmon","Late","Mill/Abernathy/Germany",2013,935,1,-99,-99,-99,-99,-99,-99,-99,-99
"Lower Columbia coho","Coastal","Mill, Abernathy, and Germany Creeks - late Coho salmon","Coho salmon","Late","Mill/Abernathy/Germany",2014,3281,1,-99,-99,-99,-99,-99,-99,-99,-99
"Lower Columbia coho","Coastal","Mill, Abernathy, and Germany Creeks - late Coho salmon","Coho salmon","Late","Mill/Abernathy/Germany",2015,783,1,-99,-99,-99,-99,-99,-99,-99,-99
"Lower Columbia coho","Coastal","Mill, Abernathy, and Germany Creeks - late Coho salmon","Coho salmon","Late","Mill/Abernathy/Germany",2016,1377,1,-99,-99,-99,-99,-99,-99,-99,-99
"Lower Columbia coho","Coastal","Mill, Abernathy, and Germany Creeks - late Coho salmon","Coho salmon","Late","Mill/Abernathy/Germany",2017,1039,1,-99,-99,-99,-99,-99,-99,-99,-99
"Lower Columbia coho","Coastal","Mill, Abernathy, and Germany Creeks - late Coho salmon","Coho salmon","Late","Mill/Abernathy/Germany",2018,1154,1,-99,-99,-99,-99,-99,-99,-99,-99
"Lower Columbia coho","Coastal","Mill, Abernathy, and Germany Creeks - late Coho salmon","Coho salmon","Late","Mill/Abernathy/Germany",2019,1794,1,-99,-99,-99,-99,-99,-99,-99,-99
"Lower Columbia coho","Coastal","Mill, Abernathy, and Germany Creeks - late Coho salmon","Coho salmon","Late","Mill/Abernathy/Germany",2020,1843,1,-99,-99,-99,-99,-99,-99,-99,-99
"Lower Columbia coho","Coastal","Mill, Abernathy, and Germany Creeks - late Coho salmon","Coho salmon","Late","Mill/Abernathy/Germany",2021,1789,1,-99,-99,-99,-99,-99,-99,-99,-99
"Lower Columbia coho","Coastal","Mill, Abernathy, and Germany Creeks - late Coho salmon","Coho salmon","Late","Mill/Abernathy/Germany",2022,2424,1,-99,-99,-99,-99,-99,-99,-99,-99
"Lower Columbia coho","Coastal","Mill, Abernathy, and Germany Creeks - late Coho salmon","Coho salmon","Late","Mill/Abernathy/Germany",2023,2820,1,-99,-99,-99,-99,-99,-99,-99,-99
"Lower Columbia coho","Coastal","Mill, Abernathy, and Germany Creeks - late Coho salmon","Coho salmon","Late","Mill/Abernathy/Germany",2024,4067,1,-99,-99,-99,-99,-99,-99,-99,-99
"Lower Columbia coho","Cascade","North Fork Lewis River - early and late Coho salmon","Coho salmon","Both early & late","North Fork Lewis River",2010,2221,1,-99,-99,-99,-99,-99,-99,-99,-99
"Lower Columbia coho","Cascade","North Fork Lewis River - early and late Coho salmon","Coho salmon","Both early & late","North Fork Lewis River",2011,1422,1,-99,-99,-99,-99,-99,-99,-99,-99
"Lower Columbia coho","Cascade","North Fork Lewis River - early and late Coho salmon","Coho salmon","Both early & late","North Fork Lewis River",2012,1555,1,-99,-99,-99,-99,-99,-99,-99,-99
"Lower Columbia coho","Cascade","North Fork Lewis River - early and late Coho salmon","Coho salmon","Both early & late","North Fork Lewis River",2013,1396,1,-99,-99,-99,-99,-99,-99,-99,-99
"Lower Columbia coho","Cascade","North Fork Lewis River - early and late Coho salmon","Coho salmon","Both early & late","North Fork Lewis River",2014,10564,1,-99,-99,-99,-99,-99,-99,-99,-99
"Lower Columbia coho","Cascade","North Fork Lewis River - early and late Coho salmon","Coho salmon","Both early & late","North Fork Lewis River",2015,1060,1,-99,-99,-99,-99,-99,-99,-99,-99
"Lower Columbia coho","Cascade","North Fork Lewis River - early and late Coho salmon","Coho salmon","Both early & late","North Fork Lewis River",2016,3651,1,-99,-99,-99,-99,-99,-99,-99,-99
"Lower Columbia coho","Cascade","North Fork Lewis River - early and late Coho salmon","Coho salmon","Both early & late","North Fork Lewis River",2017,4655,1,-99,-99,-99,-99,-99,-99,-99,-99
"Lower Columbia coho","Cascade","North Fork Lewis River - early and late Coho salmon","Coho salmon","Both early & late","North Fork Lewis River",2018,3697,1,-99,-99,-99,-99,-99,-99,-99,-99
"Lower Columbia coho","Cascade","North Fork Lewis River - early and late Coho salmon","Coho salmon","Both early & late","North Fork Lewis River",2019,4467,1,-99,-99,-99,-99,-99,-99,-99,-99
"Lower Columbia coho","Cascade","North Fork Lewis River - early and late Coho salmon","Coho salmon","Both early & late","North Fork Lewis River",2020,7471,1,-99,-99,-99,-99,-99,-99,-99,-99
"Lower Columbia coho","Cascade","North Fork Lewis River - early and late Coho salmon","Coho salmon","Both early & late","North Fork Lewis River",2021,5349,1,-99,-99,-99,-99,-99,-99,-99,-99
"Lower Columbia coho","Cascade","North Fork Lewis River - early and late Coho salmon","Coho salmon","Both early & late","North Fork Lewis River",2022,5802,1,-99,-99,-99,-99,-99,-99,-99,-99
"Lower Columbia coho","Cascade","North Fork Lewis River - early and late Coho salmon","Coho salmon","Both early & late","North Fork Lewis River",2023,4500,1,-99,-99,-99,-99,-99,-99,-99,-99
"Lower Columbia coho","Cascade","North Fork Lewis River - early and late Coho salmon","Coho salmon","Both early & late","North Fork Lewis River",2024,3481,1,-99,-99,-99,-99,-99,-99,-99,-99
"Lower Columbia coho","Cascade","North Fork Toutle River - early and late Coho salmon","Coho salmon","Both early & late","North Fork Toutle River",2010,1758,1,-99,-99,-99,-99,-99,-99,-99,-99
"Lower Columbia coho","Cascade","North Fork Toutle River - early and late Coho salmon","Coho salmon","Both early & late","North Fork Toutle River",2011,1009,1,-99,-99,-99,-99,-99,-99,-99,-99
"Lower Columbia coho","Cascade","North Fork Toutle River - early and late Coho salmon","Coho salmon","Both early & late","North Fork Toutle River",2012,1439,1,-99,-99,-99,-99,-99,-99,-99,-99
"Lower Columbia coho","Cascade","North Fork Toutle River - early and late Coho salmon","Coho salmon","Both early & late","North Fork Toutle River",2013,2422,1,-99,-99,-99,-99,-99,-99,-99,-99
"Lower Columbia coho","Cascade","North Fork Toutle River - early and late Coho salmon","Coho salmon","Both early & late","North Fork Toutle River",2014,5519,1,-99,-99,-99,-99,-99,-99,-99,-99
"Lower Columbia coho","Cascade","North Fork Toutle River - early and late Coho salmon","Coho salmon","Both early & late","North Fork Toutle River",2015,911,1,-99,-99,-99,-99,-99,-99,-99,-99
"Lower Columbia coho","Cascade","North Fork Toutle River - early and late Coho salmon","Coho salmon","Both early & late","North Fork Toutle River",2016,1950,1,-99,-99,-99,-99,-99,-99,-99,-99
"Lower Columbia coho","Cascade","North Fork Toutle River - early and late Coho salmon","Coho salmon","Both early & late","North Fork Toutle River",2017,995,1,-99,-99,-99,-99,-99,-99,-99,-99
"Lower Columbia coho","Cascade","North Fork Toutle River - early and late Coho salmon","Coho salmon","Both early & late","North Fork Toutle River",2018,1026,1,-99,-99,-99,-99,-99,-99,-99,-99
"Lower Columbia coho","Cascade","North Fork Toutle River - early and late Coho salmon","Coho salmon","Both early & late","North Fork Toutle River",2019,2203,1,-99,-99,-99,-99,-99,-99,-99,-99
"Lower Columbia coho","Cascade","North Fork Toutle River - early and late Coho salmon","Coho salmon","Both early & late","North Fork Toutle River",2020,2134,1,-99,-99,-99,-99,-99,-99,-99,-99
"Lower Columbia coho","Cascade","North Fork Toutle River - early and late Coho salmon","Coho salmon","Both early & late","North Fork Toutle River",2021,2308,1,-99,-99,-99,-99,-99,-99,-99,-99
"Lower Columbia coho","Cascade","North Fork Toutle River - early and late Coho salmon","Coho salmon","Both early & late","North Fork Toutle River",2022,2498,1,-99,-99,-99,-99,-99,-99,-99,-99
"Lower Columbia coho","Cascade","North Fork Toutle River - early and late Coho salmon","Coho salmon","Both early & late","North Fork Toutle River",2023,2066,1,-99,-99,-99,-99,-99,-99,-99,-99
"Lower Columbia coho","Cascade","North Fork Toutle River - early and late Coho salmon","Coho salmon","Both early & late","North Fork Toutle River",2024,2522,1,-99,-99,-99,-99,-99,-99,-99,-99
"Lower Columbia coho","Cascade","Salmon Creek - late Coho salmon","Coho salmon","Late","Salmon Creek",2010,1309,1,-99,-99,-99,-99,-99,-99,-99,-99
"Lower Columbia coho","Cascade","Salmon Creek - late Coho salmon","Coho salmon","Late","Salmon Creek",2011,841,1,-99,-99,-99,-99,-99,-99,-99,-99
"Lower Columbia coho","Cascade","Salmon Creek - late Coho salmon","Coho salmon","Late","Salmon Creek",2012,920,1,-99,-99,-99,-99,-99,-99,-99,-99
"Lower Columbia coho","Cascade","Salmon Creek - late Coho salmon","Coho salmon","Late","Salmon Creek",2013,1206,1,-99,-99,-99,-99,-99,-99,-99,-99
"Lower Columbia coho","Cascade","Salmon Creek - late Coho salmon","Coho salmon","Late","Salmon Creek",2014,3580,1,-99,-99,-99,-99,-99,-99,-99,-99
"Lower Columbia coho","Cascade","Salmon Creek - late Coho salmon","Coho salmon","Late","Salmon Creek",2015,677,1,-99,-99,-99,-99,-99,-99,-99,-99
"Lower Columbia coho","Cascade","Salmon Creek - late Coho salmon","Coho salmon","Late","Salmon Creek",2016,1452,1,-99,-99,-99,-99,-99,-99,-99,-99
"Lower Columbia coho","Cascade","Salmon Creek - late Coho salmon","Coho salmon","Late","Salmon Creek",2017,1245,1,-99,-99,-99,-99,-99,-99,-99,-99
"Lower Columbia coho","Cascade","Salmon Creek - late Coho salmon","Coho salmon","Late","Salmon Creek",2018,1273,1,-99,-99,-99,-99,-99,-99,-99,-99
"Lower Columbia coho","Cascade","Salmon Creek - late Coho salmon","Coho salmon","Late","Salmon Creek",2019,1714,1,-99,-99,-99,-99,-99,-99,-99,-99
"Lower Columbia coho","Cascade","Salmon Creek - late Coho salmon","Coho salmon","Late","Salmon Creek",2020,1746,1,-99,-99,-99,-99,-99,-99,-99,-99
"Lower Columbia coho","Cascade","Salmon Creek - late Coho salmon","Coho salmon","Late","Salmon Creek",2021,1629,1,-99,-99,-99,-99,-99,-99,-99,-99
"Lower Columbia coho","Cascade","Salmon Creek - late Coho salmon","Coho salmon","Late","Salmon Creek",2022,1367,1,-99,-99,-99,-99,-99,-99,-99,-99
"Lower Columbia coho","Cascade","Salmon Creek - late Coho salmon","Coho salmon","Late","Salmon Creek",2023,1107,1,-99,-99,-99,-99,-99,-99,-99,-99
"Lower Columbia coho","Cascade","Salmon Creek - late Coho salmon","Coho salmon","Late","Salmon Creek",2024,1643,1,-99,-99,-99,-99,-99,-99,-99,-99
"Lower Columbia coho","Cascade","South Fork Toutle River - early and late Coho salmon","Coho salmon","Both early & late","South Fork Toutle River",2010,1889,1,-99,-99,-99,-99,-99,-99,-99,-99
"Lower Columbia coho","Cascade","South Fork Toutle River - early and late Coho salmon","Coho salmon","Both early & late","South Fork Toutle River",2011,1295,1,-99,-99,-99,-99,-99,-99,-99,-99
"Lower Columbia coho","Cascade","South Fork Toutle River - early and late Coho salmon","Coho salmon","Both early & late","South Fork Toutle River",2012,2037,1,-99,-99,-99,-99,-99,-99,-99,-99
"Lower Columbia coho","Cascade","South Fork Toutle River - early and late Coho salmon","Coho salmon","Both early & late","South Fork Toutle River",2013,2979,1,-99,-99,-99,-99,-99,-99,-99,-99
"Lower Columbia coho","Cascade","South Fork Toutle River - early and late Coho salmon","Coho salmon","Both early & late","South Fork Toutle River",2014,10117,1,-99,-99,-99,-99,-99,-99,-99,-99
"Lower Columbia coho","Cascade","South Fork Toutle River - early and late Coho salmon","Coho salmon","Both early & late","South Fork Toutle River",2015,1649,1,-99,-99,-99,-99,-99,-99,-99,-99
"Lower Columbia coho","Cascade","South Fork Toutle River - early and late Coho salmon","Coho salmon","Both early & late","South Fork Toutle River",2016,2722,1,-99,-99,-99,-99,-99,-99,-99,-99
"Lower Columbia coho","Cascade","South Fork Toutle River - early and late Coho salmon","Coho salmon","Both early & late","South Fork Toutle River",2017,1321,1,-99,-99,-99,-99,-99,-99,-99,-99
"Lower Columbia coho","Cascade","South Fork Toutle River - early and late Coho salmon","Coho salmon","Both early & late","South Fork Toutle River",2018,1238,1,-99,-99,-99,-99,-99,-99,-99,-99
"Lower Columbia coho","Cascade","South Fork Toutle River - early and late Coho salmon","Coho salmon","Both early & late","South Fork Toutle River",2019,2336,1,-99,-99,-99,-99,-99,-99,-99,-99
"Lower Columbia coho","Cascade","South Fork Toutle River - early and late Coho salmon","Coho salmon","Both early & late","South Fork Toutle River",2020,2508,1,-99,-99,-99,-99,-99,-99,-99,-99
"Lower Columbia coho","Cascade","South Fork Toutle River - early and late Coho salmon","Coho salmon","Both early & late","South Fork Toutle River",2021,2641,1,-99,-99,-99,-99,-99,-99,-99,-99
"Lower Columbia coho","Cascade","South Fork Toutle River - early and late Coho salmon","Coho salmon","Both early & late","South Fork Toutle River",2022,1990,1,-99,-99,-99,-99,-99,-99,-99,-99
"Lower Columbia coho","Cascade","South Fork Toutle River - early and late Coho salmon","Coho salmon","Both early & late","South Fork Toutle River",2023,1931,1,-99,-99,-99,-99,-99,-99,-99,-99
"Lower Columbia coho","Cascade","South Fork Toutle River - early and late Coho salmon","Coho salmon","Both early & late","South Fork Toutle River",2024,2638,1,-99,-99,-99,-99,-99,-99,-99,-99
"Lower Columbia coho","Cascade","Tilton River - early and late Coho salmon","Coho salmon","Both early & late","Tilton River",2005,1331,1,-99,-99,-99,-99,-99,-99,-99,-99
"Lower Columbia coho","Cascade","Tilton River - early and late Coho salmon","Coho salmon","Both early & late","Tilton River",2006,738,1,-99,-99,-99,-99,-99,-99,-99,-99
"Lower Columbia coho","Cascade","Tilton River - early and late Coho salmon","Coho salmon","Both early & late","Tilton River",2007,827,1,-99,-99,-99,-99,-99,-99,-99,-99
"Lower Columbia coho","Cascade","Tilton River - early and late Coho salmon","Coho salmon","Both early & late","Tilton River",2008,915,1,-99,-99,-99,-99,-99,-99,-99,-99
"Lower Columbia coho","Cascade","Tilton River - early and late Coho salmon","Coho salmon","Both early & late","Tilton River",2009,1306,1,-99,-99,-99,-99,-99,-99,-99,-99
"Lower Columbia coho","Cascade","Tilton River - early and late Coho salmon","Coho salmon","Both early & late","Tilton River",2010,896,1,-99,-99,-99,-99,-99,-99,-99,-99
"Lower Columbia coho","Cascade","Tilton River - early and late Coho salmon","Coho salmon","Both early & late","Tilton River",2011,1962,1,-99,-99,-99,-99,-99,-99,-99,-99
"Lower Columbia coho","Cascade","Tilton River - early and late Coho salmon","Coho salmon","Both early & late","Tilton River",2012,1269,1,-99,-99,-99,-99,-99,-99,-99,-99
"Lower Columbia coho","Cascade","Tilton River - early and late Coho salmon","Coho salmon","Both early & late","Tilton River",2013,2650,1,-99,-99,-99,-99,-99,-99,-99,-99
"Lower Columbia coho","Cascade","Tilton River - early and late Coho salmon","Coho salmon","Both early & late","Tilton River",2014,8915,1,-99,-99,-99,-99,-99,-99,-99,-99
"Lower Columbia coho","Cascade","Tilton River - early and late Coho salmon","Coho salmon","Both early & late","Tilton River",2015,1360,1,-99,-99,-99,-99,-99,-99,-99,-99
"Lower Columbia coho","Cascade","Tilton River - early and late Coho salmon","Coho salmon","Both early & late","Tilton River",2016,2626,1,-99,-99,-99,-99,-99,-99,-99,-99
"Lower Columbia coho","Cascade","Tilton River - early and late Coho salmon","Coho salmon","Both early & late","Tilton River",2017,5193,1,-99,-99,-99,-99,-99,-99,-99,-99
"Lower Columbia coho","Cascade","Tilton River - early and late Coho salmon","Coho salmon","Both early & late","Tilton River",2018,1321,1,-99,-99,-99,-99,-99,-99,-99,-99
"Lower Columbia coho","Cascade","Tilton River - early and late Coho salmon","Coho salmon","Both early & late","Tilton River",2019,1556,1,-99,-99,-99,-99,-99,-99,-99,-99
"Lower Columbia coho","Cascade","Tilton River - early and late Coho salmon","Coho salmon","Both early & late","Tilton River",2020,2399,1,-99,-99,-99,-99,-99,-99,-99,-99
"Lower Columbia coho","Cascade","Tilton River - early and late Coho salmon","Coho salmon","Both early & late","Tilton River",2021,6393,1,-99,-99,-99,-99,-99,-99,-99,-99
"Lower Columbia coho","Cascade","Tilton River - early and late Coho salmon","Coho salmon","Both early & late","Tilton River",2022,7257,1,-99,-99,-99,-99,-99,-99,-99,-99
"Lower Columbia coho","Cascade","Tilton River - early and late Coho salmon","Coho salmon","Both early & late","Tilton River",2023,1337,1,-99,-99,-99,-99,-99,-99,-99,-99
"Lower Columbia coho","Cascade","Tilton River - early and late Coho salmon","Coho salmon","Both early & late","Tilton River",2024,859,1,-99,-99,-99,-99,-99,-99,-99,-99
"Lower Columbia coho","Cascade","Upper Cowlitz River - early and late Coho salmon","Coho salmon","Both early & late","Upper Cowlitz River",2005,5788,1,-99,-99,-99,-99,-99,-99,-99,-99
"Lower Columbia coho","Cascade","Upper Cowlitz River - early and late Coho salmon","Coho salmon","Both early & late","Upper Cowlitz River",2006,5486,1,-99,-99,-99,-99,-99,-99,-99,-99
"Lower Columbia coho","Cascade","Upper Cowlitz River - early and late Coho salmon","Coho salmon","Both early & late","Upper Cowlitz River",2007,3915,1,-99,-99,-99,-99,-99,-99,-99,-99
"Lower Columbia coho","Cascade","Upper Cowlitz River - early and late Coho salmon","Coho salmon","Both early & late","Upper Cowlitz River",2008,4749,1,-99,-99,-99,-99,-99,-99,-99,-99
"Lower Columbia coho","Cascade","Upper Cowlitz River - early and late Coho salmon","Coho salmon","Both early & late","Upper Cowlitz River",2009,5751,1,-99,-99,-99,-99,-99,-99,-99,-99
"Lower Columbia coho","Cascade","Upper Cowlitz River - early and late Coho salmon","Coho salmon","Both early & late","Upper Cowlitz River",2010,2774,1,-99,-99,-99,-99,-99,-99,-99,-99
"Lower Columbia coho","Cascade","Upper Cowlitz River - early and late Coho salmon","Coho salmon","Both early & late","Upper Cowlitz River",2011,7614,1,-99,-99,-99,-99,-99,-99,-99,-99
"Lower Columbia coho","Cascade","Upper Cowlitz River - early and late Coho salmon","Coho salmon","Both early & late","Upper Cowlitz River",2012,1601,1,-99,-99,-99,-99,-99,-99,-99,-99
"Lower Columbia coho","Cascade","Upper Cowlitz River - early and late Coho salmon","Coho salmon","Both early & late","Upper Cowlitz River",2013,13,1,-99,-99,-99,-99,-99,-99,-99,-99
"Lower Columbia coho","Cascade","Upper Cowlitz River - early and late Coho salmon","Coho salmon","Both early & late","Upper Cowlitz River",2014,6849,1,-99,-99,-99,-99,-99,-99,-99,-99
"Lower Columbia coho","Cascade","Upper Cowlitz River - early and late Coho salmon","Coho salmon","Both early & late","Upper Cowlitz River",2015,373,1,-99,-99,-99,-99,-99,-99,-99,-99
"Lower Columbia coho","Cascade","Upper Cowlitz River - early and late Coho salmon","Coho salmon","Both early & late","Upper Cowlitz River",2016,911,1,-99,-99,-99,-99,-99,-99,-99,-99
"Lower Columbia coho","Cascade","Upper Cowlitz River - early and late Coho salmon","Coho salmon","Both early & late","Upper Cowlitz River",2017,5200,1,-99,-99,-99,-99,-99,-99,-99,-99
"Lower Columbia coho","Cascade","Upper Cowlitz River - early and late Coho salmon","Coho salmon","Both early & late","Upper Cowlitz River",2018,172,1,-99,-99,-99,-99,-99,-99,-99,-99
"Lower Columbia coho","Cascade","Upper Cowlitz River - early and late Coho salmon","Coho salmon","Both early & late","Upper Cowlitz River",2019,3561,1,-99,-99,-99,-99,-99,-99,-99,-99
"Lower Columbia coho","Cascade","Upper Cowlitz River - early and late Coho salmon","Coho salmon","Both early & late","Upper Cowlitz River",2020,8911,1,-99,-99,-99,-99,-99,-99,-99,-99
"Lower Columbia coho","Cascade","Upper Cowlitz River - early and late Coho salmon","Coho salmon","Both early & late","Upper Cowlitz River",2021,9661,1,-99,-99,-99,-99,-99,-99,-99,-99
"Lower Columbia coho","Cascade","Upper Cowlitz River - early and late Coho salmon","Coho salmon","Both early & late","Upper Cowlitz River",2022,11508,1,-99,-99,-99,-99,-99,-99,-99,-99
"Lower Columbia coho","Cascade","Upper Cowlitz River - early and late Coho salmon","Coho salmon","Both early & late","Upper Cowlitz River",2023,6267,1,-99,-99,-99,-99,-99,-99,-99,-99
"Lower Columbia coho","Cascade","Upper Cowlitz River - early and late Coho salmon","Coho salmon","Both early & late","Upper Cowlitz River",2024,12120,1,-99,-99,-99,-99,-99,-99,-99,-99
"Lower Columbia coho","Cascade","Washougal River - late Coho salmon","Coho salmon","Late","Washougal River",2010,690,1,-99,-99,-99,-99,-99,-99,-99,-99
"Lower Columbia coho","Cascade","Washougal River - late Coho salmon","Coho salmon","Late","Washougal River",2011,446,1,-99,-99,-99,-99,-99,-99,-99,-99
"Lower Columbia coho","Cascade","Washougal River - late Coho salmon","Coho salmon","Late","Washougal River",2012,422,1,-99,-99,-99,-99,-99,-99,-99,-99
"Lower Columbia coho","Cascade","Washougal River - late Coho salmon","Coho salmon","Late","Washougal River",2013,477,1,-99,-99,-99,-99,-99,-99,-99,-99
"Lower Columbia coho","Cascade","Washougal River - late Coho salmon","Coho salmon","Late","Washougal River",2014,979,1,-99,-99,-99,-99,-99,-99,-99,-99
"Lower Columbia coho","Cascade","Washougal River - late Coho salmon","Coho salmon","Late","Washougal River",2015,154,1,-99,-99,-99,-99,-99,-99,-99,-99
"Lower Columbia coho","Cascade","Washougal River - late Coho salmon","Coho salmon","Late","Washougal River",2016,325,1,-99,-99,-99,-99,-99,-99,-99,-99
"Lower Columbia coho","Cascade","Washougal River - late Coho salmon","Coho salmon","Late","Washougal River",2017,283,1,-99,-99,-99,-99,-99,-99,-99,-99
"Lower Columbia coho","Cascade","Washougal River - late Coho salmon","Coho salmon","Late","Washougal River",2018,310,1,-99,-99,-99,-99,-99,-99,-99,-99
"Lower Columbia coho","Cascade","Washougal River - late Coho salmon","Coho salmon","Late","Washougal River",2019,580,1,-99,-99,-99,-99,-99,-99,-99,-99
"Lower Columbia coho","Cascade","Washougal River - late Coho salmon","Coho salmon","Late","Washougal River",2020,878,1,-99,-99,-99,-99,-99,-99,-99,-99
"Lower Columbia coho","Cascade","Washougal River - late Coho salmon","Coho salmon","Late","Washougal River",2021,787,1,-99,-99,-99,-99,-99,-99,-99,-99
"Lower Columbia coho","Cascade","Washougal River - late Coho salmon","Coho salmon","Late","Washougal River",2022,835,1,-99,-99,-99,-99,-99,-99,-99,-99
"Lower Columbia coho","Cascade","Washougal River - late Coho salmon","Coho salmon","Late","Washougal River",2023,645,1,-99,-99,-99,-99,-99,-99,-99,-99
"Lower Columbia coho","Cascade","Washougal River - late Coho salmon","Coho salmon","Late","Washougal River",2024,1076,1,-99,-99,-99,-99,-99,-99,-99,-99
