SASI_STOCK_NUM,SASISTOCKNAME,COMMONNAME,RUN,RECOVERYDOMAIN,MAJORPOPGROUP,POPID,ESAPOPNAME,COMMONPOPNAME,POPFIT,POPFITNOTES,ESTIMATETYPE,WATERBODY,SPAWNINGYEAR,METHODNUMBER,BESTVALUE,NOSAIJ,NOSAIJ_SDSID,NOSAIJLOWERLIMIT,NOSAIJUPPERLIMIT,NOSAIJALPHA,NOSAEJ,NOSAEJ_SDSID,NOSAEJLOWERLIMIT,NOSAEJUPPERLIMIT,NOSAEJALPHA,PHOSIJ,PHOSIJLOWERLIMIT,PHOSIJUPPERLIMIT,PHOSIJALPHA,PHOSEJ,PHOSEJLOWERLIMIT,PHOSEJUPPERLIMIT,PHOSEJALPHA,TSAIJ,TSAIJ_SDSID,TSAIJLOWERLIMIT,TSAIJUPPERLIMIT,TSAIJALPHA,TSAEJ,TSAEJ_SDSID,TSAEJLOWERLIMIT,TSAEJUPPERLIMIT,TSAEJALPHA,AGE2PROP,AGE2PROPLOWERLIMIT,AGE2PROPUPPERLIMIT,AGE3PROP,AGE3PROPLOWERLIMIT,AGE3PROPUPPERLIMIT,AGE4PROP,AGE4PROPLOWERLIMIT,AGE4PROPUPPERLIMIT,AGE5PROP,AGE5PROPLOWERLIMIT,AGE5PROPUPPERLIMIT,AGE6PROP,AGE6PROPLOWERLIMIT,AGE6PROPUPPERLIMIT,AGE7PROP,AGE7PROPLOWERLIMIT,AGE7PROPUPPERLIMIT,AGE8PROP,AGE8PROPLOWERLIMIT,AGE8PROPUPPERLIMIT,AGE9PROP,AGE9PROPLOWERLIMIT,AGE9PROPUPPERLIMIT,AGE10PROP,AGE10PROPLOWERLIMIT,AGE10PROPUPPERLIMIT,AGE11PLUSPROP,AGE11PLUSPROPLOWERLIMIT,AGE11PLUSPROPUPPERLIMIT,AGEPROPALPHA,OTHERDATASOURCES,COMMENTS,DATASTATUS,STOCK_ID,COMMONPOPNAME2,ESU_DPS
NA,Hood Canal - fall Coho Salmon,Coho salmon,Fall,Puget Sound,,,Puget Sound/Strait of Georgia Coho,Hood Canal - fall Coho Salmon,Same,NA,NOSA,,2000,,Yes,27093,,NA,NA,NA,NA,NA,NA,NA,NA,NA,NA,NA,NA,NA,NA,NA,NA,27093,,NA,NA,NA,NA,NA,NA,NA,NA,NA,NA,NA,NA,NA,NA,NA,NA,NA,NA,NA,NA,NA,NA,NA,NA,NA,NA,NA,NA,NA,NA,NA,NA,NA,NA,NA,NA,NA,NA,NA,NA,NA,Final,NA,Hood Canal - fall Coho Salmon,"Salmon, coho (Puget Sound/Strait of Georgia ESU)"
NA,Hood Canal - fall Coho Salmon,Coho salmon,Fall,Puget Sound,,,Puget Sound/Strait of Georgia Coho,Hood Canal - fall Coho Salmon,Same,NA,NOSA,,2001,,Yes,94579,,NA,NA,NA,NA,NA,NA,NA,NA,NA,NA,NA,NA,NA,NA,NA,NA,94579,,NA,NA,NA,NA,NA,NA,NA,NA,NA,NA,NA,NA,NA,NA,NA,NA,NA,NA,NA,NA,NA,NA,NA,NA,NA,NA,NA,NA,NA,NA,NA,NA,NA,NA,NA,NA,NA,NA,NA,NA,NA,Final,NA,Hood Canal - fall Coho Salmon,"Salmon, coho (Puget Sound/Strait of Georgia ESU)"
NA,Hood Canal - fall Coho Salmon,Coho salmon,Fall,Puget Sound,,,Puget Sound/Strait of Georgia Coho,Hood Canal - fall Coho Salmon,Same,NA,NOSA,,2002,,Yes,69296,,NA,NA,NA,NA,NA,NA,NA,NA,NA,NA,NA,NA,NA,NA,NA,NA,69296,,NA,NA,NA,NA,NA,NA,NA,NA,NA,NA,NA,NA,NA,NA,NA,NA,NA,NA,NA,NA,NA,NA,NA,NA,NA,NA,NA,NA,NA,NA,NA,NA,NA,NA,NA,NA,NA,NA,NA,NA,NA,Final,NA,Hood Canal - fall Coho Salmon,"Salmon, coho (Puget Sound/Strait of Georgia ESU)"
NA,Hood Canal - fall Coho Salmon,Coho salmon,Fall,Puget Sound,,,Puget Sound/Strait of Georgia Coho,Hood Canal - fall Coho Salmon,Same,NA,NOSA,,2003,,Yes,172345,,NA,NA,NA,NA,NA,NA,NA,NA,NA,NA,NA,NA,NA,NA,NA,NA,172345,,NA,NA,NA,NA,NA,NA,NA,NA,NA,NA,NA,NA,NA,NA,NA,NA,NA,NA,NA,NA,NA,NA,NA,NA,NA,NA,NA,NA,NA,NA,NA,NA,NA,NA,NA,NA,NA,NA,NA,NA,NA,Final,NA,Hood Canal - fall Coho Salmon,"Salmon, coho (Puget Sound/Strait of Georgia ESU)"
NA,Hood Canal - fall Coho Salmon,Coho salmon,Fall,Puget Sound,,,Puget Sound/Strait of Georgia Coho,Hood Canal - fall Coho Salmon,Same,NA,NOSA,,2004,,Yes,146872,,NA,NA,NA,NA,NA,NA,NA,NA,NA,NA,NA,NA,NA,NA,NA,NA,146872,,NA,NA,NA,NA,NA,NA,NA,NA,NA,NA,NA,NA,NA,NA,NA,NA,NA,NA,NA,NA,NA,NA,NA,NA,NA,NA,NA,NA,NA,NA,NA,NA,NA,NA,NA,NA,NA,NA,NA,NA,NA,Final,NA,Hood Canal - fall Coho Salmon,"Salmon, coho (Puget Sound/Strait of Georgia ESU)"
NA,Hood Canal - fall Coho Salmon,Coho salmon,Fall,Puget Sound,,,Puget Sound/Strait of Georgia Coho,Hood Canal - fall Coho Salmon,Same,NA,NOSA,,2005,,Yes,38066,,NA,NA,NA,NA,NA,NA,NA,NA,NA,NA,NA,NA,NA,NA,NA,NA,38066,,NA,NA,NA,NA,NA,NA,NA,NA,NA,NA,NA,NA,NA,NA,NA,NA,NA,NA,NA,NA,NA,NA,NA,NA,NA,NA,NA,NA,NA,NA,NA,NA,NA,NA,NA,NA,NA,NA,NA,NA,NA,Final,NA,Hood Canal - fall Coho Salmon,"Salmon, coho (Puget Sound/Strait of Georgia ESU)"
NA,Hood Canal - fall Coho Salmon,Coho salmon,Fall,Puget Sound,,,Puget Sound/Strait of Georgia Coho,Hood Canal - fall Coho Salmon,Same,NA,NOSA,,2006,,Yes,13574,,NA,NA,NA,NA,NA,NA,NA,NA,NA,NA,NA,NA,NA,NA,NA,NA,13574,,NA,NA,NA,NA,NA,NA,NA,NA,NA,NA,NA,NA,NA,NA,NA,NA,NA,NA,NA,NA,NA,NA,NA,NA,NA,NA,NA,NA,NA,NA,NA,NA,NA,NA,NA,NA,NA,NA,NA,NA,NA,Final,NA,Hood Canal - fall Coho Salmon,"Salmon, coho (Puget Sound/Strait of Georgia ESU)"
NA,Hood Canal - fall Coho Salmon,Coho salmon,Fall,Puget Sound,,,Puget Sound/Strait of Georgia Coho,Hood Canal - fall Coho Salmon,Same,NA,NOSA,,2007,,Yes,46640,,NA,NA,NA,NA,NA,NA,NA,NA,NA,NA,NA,NA,NA,NA,NA,NA,46640,,NA,NA,NA,NA,NA,NA,NA,NA,NA,NA,NA,NA,NA,NA,NA,NA,NA,NA,NA,NA,NA,NA,NA,NA,NA,NA,NA,NA,NA,NA,NA,NA,NA,NA,NA,NA,NA,NA,NA,NA,NA,Final,NA,Hood Canal - fall Coho Salmon,"Salmon, coho (Puget Sound/Strait of Georgia ESU)"
NA,Hood Canal - fall Coho Salmon,Coho salmon,Fall,Puget Sound,,,Puget Sound/Strait of Georgia Coho,Hood Canal - fall Coho Salmon,Same,NA,NOSA,,2008,,Yes,11696,,NA,NA,NA,NA,NA,NA,NA,NA,NA,NA,NA,NA,NA,NA,NA,NA,11696,,NA,NA,NA,NA,NA,NA,NA,NA,NA,NA,NA,NA,NA,NA,NA,NA,NA,NA,NA,NA,NA,NA,NA,NA,NA,NA,NA,NA,NA,NA,NA,NA,NA,NA,NA,NA,NA,NA,NA,NA,NA,Final,NA,Hood Canal - fall Coho Salmon,"Salmon, coho (Puget Sound/Strait of Georgia ESU)"
NA,Hood Canal - fall Coho Salmon,Coho salmon,Fall,Puget Sound,,,Puget Sound/Strait of Georgia Coho,Hood Canal - fall Coho Salmon,Same,NA,NOSA,,2009,,Yes,27580,,NA,NA,NA,NA,NA,NA,NA,NA,NA,NA,NA,NA,NA,NA,NA,NA,27580,,NA,NA,NA,NA,NA,NA,NA,NA,NA,NA,NA,NA,NA,NA,NA,NA,NA,NA,NA,NA,NA,NA,NA,NA,NA,NA,NA,NA,NA,NA,NA,NA,NA,NA,NA,NA,NA,NA,NA,NA,NA,Final,NA,Hood Canal - fall Coho Salmon,"Salmon, coho (Puget Sound/Strait of Georgia ESU)"
NA,Hood Canal - fall Coho Salmon,Coho salmon,Fall,Puget Sound,,,Puget Sound/Strait of Georgia Coho,Hood Canal - fall Coho Salmon,Same,NA,NOSA,,2010,,Yes,4553,,NA,NA,NA,NA,NA,NA,NA,NA,NA,NA,NA,NA,NA,NA,NA,NA,4553,,NA,NA,NA,NA,NA,NA,NA,NA,NA,NA,NA,NA,NA,NA,NA,NA,NA,NA,NA,NA,NA,NA,NA,NA,NA,NA,NA,NA,NA,NA,NA,NA,NA,NA,NA,NA,NA,NA,NA,NA,NA,Final,NA,Hood Canal - fall Coho Salmon,"Salmon, coho (Puget Sound/Strait of Georgia ESU)"
NA,Hood Canal - fall Coho Salmon,Coho salmon,Fall,Puget Sound,,,Puget Sound/Strait of Georgia Coho,Hood Canal - fall Coho Salmon,Same,NA,NOSA,,2011,,Yes,25192,,NA,NA,NA,NA,NA,NA,NA,NA,NA,NA,NA,NA,NA,NA,NA,NA,25192,,NA,NA,NA,NA,NA,NA,NA,NA,NA,NA,NA,NA,NA,NA,NA,NA,NA,NA,NA,NA,NA,NA,NA,NA,NA,NA,NA,NA,NA,NA,NA,NA,NA,NA,NA,NA,NA,NA,NA,NA,NA,Final,NA,Hood Canal - fall Coho Salmon,"Salmon, coho (Puget Sound/Strait of Georgia ESU)"
NA,Hood Canal - fall Coho Salmon,Coho salmon,Fall,Puget Sound,,,Puget Sound/Strait of Georgia Coho,Hood Canal - fall Coho Salmon,Same,NA,NOSA,,2012,,Yes,52415,,NA,NA,NA,NA,NA,NA,NA,NA,NA,NA,NA,NA,NA,NA,NA,NA,52415,,NA,NA,NA,NA,NA,NA,NA,NA,NA,NA,NA,NA,NA,NA,NA,NA,NA,NA,NA,NA,NA,NA,NA,NA,NA,NA,NA,NA,NA,NA,NA,NA,NA,NA,NA,NA,NA,NA,NA,NA,NA,Final,NA,Hood Canal - fall Coho Salmon,"Salmon, coho (Puget Sound/Strait of Georgia ESU)"
NA,Hood Canal - fall Coho Salmon,Coho salmon,Fall,Puget Sound,,,Puget Sound/Strait of Georgia Coho,Hood Canal - fall Coho Salmon,Same,NA,NOSA,,2013,,Yes,16156,,NA,NA,NA,NA,NA,NA,NA,NA,NA,NA,NA,NA,NA,NA,NA,NA,16156,,NA,NA,NA,NA,NA,NA,NA,NA,NA,NA,NA,NA,NA,NA,NA,NA,NA,NA,NA,NA,NA,NA,NA,NA,NA,NA,NA,NA,NA,NA,NA,NA,NA,NA,NA,NA,NA,NA,NA,NA,NA,Final,NA,Hood Canal - fall Coho Salmon,"Salmon, coho (Puget Sound/Strait of Georgia ESU)"
NA,Hood Canal - fall Coho Salmon,Coho salmon,Fall,Puget Sound,,,Puget Sound/Strait of Georgia Coho,Hood Canal - fall Coho Salmon,Same,NA,NOSA,,2014,,Yes,22371,,NA,NA,NA,NA,NA,NA,NA,NA,NA,NA,NA,NA,NA,NA,NA,NA,22371,,NA,NA,NA,NA,NA,NA,NA,NA,NA,NA,NA,NA,NA,NA,NA,NA,NA,NA,NA,NA,NA,NA,NA,NA,NA,NA,NA,NA,NA,NA,NA,NA,NA,NA,NA,NA,NA,NA,NA,NA,NA,Final,NA,Hood Canal - fall Coho Salmon,"Salmon, coho (Puget Sound/Strait of Georgia ESU)"
NA,Hood Canal - fall Coho Salmon,Coho salmon,Fall,Puget Sound,,,Puget Sound/Strait of Georgia Coho,Hood Canal - fall Coho Salmon,Same,NA,NOSA,,2015,,Yes,26576,,NA,NA,NA,NA,NA,NA,NA,NA,NA,NA,NA,NA,NA,NA,NA,NA,26576,,NA,NA,NA,NA,NA,NA,NA,NA,NA,NA,NA,NA,NA,NA,NA,NA,NA,NA,NA,NA,NA,NA,NA,NA,NA,NA,NA,NA,NA,NA,NA,NA,NA,NA,NA,NA,NA,NA,NA,NA,NA,Final,NA,Hood Canal - fall Coho Salmon,"Salmon, coho (Puget Sound/Strait of Georgia ESU)"
NA,Hood Canal - fall Coho Salmon,Coho salmon,Fall,Puget Sound,,,Puget Sound/Strait of Georgia Coho,Hood Canal - fall Coho Salmon,Same,NA,NOSA,,2016,,Yes,19439,,NA,NA,NA,NA,NA,NA,NA,NA,NA,NA,NA,NA,NA,NA,NA,NA,19439,,NA,NA,NA,NA,NA,NA,NA,NA,NA,NA,NA,NA,NA,NA,NA,NA,NA,NA,NA,NA,NA,NA,NA,NA,NA,NA,NA,NA,NA,NA,NA,NA,NA,NA,NA,NA,NA,NA,NA,NA,NA,Final,NA,Hood Canal - fall Coho Salmon,"Salmon, coho (Puget Sound/Strait of Georgia ESU)"
NA,Hood Canal - fall Coho Salmon,Coho salmon,Fall,Puget Sound,,,Puget Sound/Strait of Georgia Coho,Hood Canal - fall Coho Salmon,Same,NA,NOSA,,2017,,Yes,18737,,NA,NA,NA,NA,NA,NA,NA,NA,NA,NA,NA,NA,NA,NA,NA,NA,18737,,NA,NA,NA,NA,NA,NA,NA,NA,NA,NA,NA,NA,NA,NA,NA,NA,NA,NA,NA,NA,NA,NA,NA,NA,NA,NA,NA,NA,NA,NA,NA,NA,NA,NA,NA,NA,NA,NA,NA,NA,NA,Final,NA,Hood Canal - fall Coho Salmon,"Salmon, coho (Puget Sound/Strait of Georgia ESU)"
NA,Hood Canal - fall Coho Salmon,Coho salmon,Fall,Puget Sound,,,Puget Sound/Strait of Georgia Coho,Hood Canal - fall Coho Salmon,Same,NA,NOSA,,2018,,Yes,7128,,NA,NA,NA,NA,NA,NA,NA,NA,NA,NA,NA,NA,NA,NA,NA,NA,7128,,NA,NA,NA,NA,NA,NA,NA,NA,NA,NA,NA,NA,NA,NA,NA,NA,NA,NA,NA,NA,NA,NA,NA,NA,NA,NA,NA,NA,NA,NA,NA,NA,NA,NA,NA,NA,NA,NA,NA,NA,NA,Final,NA,Hood Canal - fall Coho Salmon,"Salmon, coho (Puget Sound/Strait of Georgia ESU)"
NA,Hood Canal - fall Coho Salmon,Coho salmon,Fall,Puget Sound,,,Puget Sound/Strait of Georgia Coho,Hood Canal - fall Coho Salmon,Same,NA,NOSA,,2019,,Yes,7665,,NA,NA,NA,NA,NA,NA,NA,NA,NA,NA,NA,NA,NA,NA,NA,NA,7665,,NA,NA,NA,NA,NA,NA,NA,NA,NA,NA,NA,NA,NA,NA,NA,NA,NA,NA,NA,NA,NA,NA,NA,NA,NA,NA,NA,NA,NA,NA,NA,NA,NA,NA,NA,NA,NA,NA,NA,NA,NA,Final,NA,Hood Canal - fall Coho Salmon,"Salmon, coho (Puget Sound/Strait of Georgia ESU)"
NA,Hood Canal - fall Coho Salmon,Coho salmon,Fall,Puget Sound,,,Puget Sound/Strait of Georgia Coho,Hood Canal - fall Coho Salmon,Same,NA,NOSA,,2020,,Yes,16268,,NA,NA,NA,NA,NA,NA,NA,NA,NA,NA,NA,NA,NA,NA,NA,NA,16268,,NA,NA,NA,NA,NA,NA,NA,NA,NA,NA,NA,NA,NA,NA,NA,NA,NA,NA,NA,NA,NA,NA,NA,NA,NA,NA,NA,NA,NA,NA,NA,NA,NA,NA,NA,NA,NA,NA,NA,NA,NA,Final,NA,Hood Canal - fall Coho Salmon,"Salmon, coho (Puget Sound/Strait of Georgia ESU)"
NA,Hood Canal - fall Coho Salmon,Coho salmon,Fall,Puget Sound,,,Puget Sound/Strait of Georgia Coho,Hood Canal - fall Coho Salmon,Same,NA,NOSA,,2021,,Yes,34039,,NA,NA,NA,NA,NA,NA,NA,NA,NA,NA,NA,NA,NA,NA,NA,NA,34039,,NA,NA,NA,NA,NA,NA,NA,NA,NA,NA,NA,NA,NA,NA,NA,NA,NA,NA,NA,NA,NA,NA,NA,NA,NA,NA,NA,NA,NA,NA,NA,NA,NA,NA,NA,NA,NA,NA,NA,NA,NA,Final,NA,Hood Canal - fall Coho Salmon,"Salmon, coho (Puget Sound/Strait of Georgia ESU)"
NA,Hood Canal - fall Coho Salmon,Coho salmon,Fall,Puget Sound,,,Puget Sound/Strait of Georgia Coho,Hood Canal - fall Coho Salmon,Same,NA,NOSA,,2022,,Yes,7830,,NA,NA,NA,NA,NA,NA,NA,NA,NA,NA,NA,NA,NA,NA,NA,NA,7830,,NA,NA,NA,NA,NA,NA,NA,NA,NA,NA,NA,NA,NA,NA,NA,NA,NA,NA,NA,NA,NA,NA,NA,NA,NA,NA,NA,NA,NA,NA,NA,NA,NA,NA,NA,NA,NA,NA,NA,NA,NA,Final,NA,Hood Canal - fall Coho Salmon,"Salmon, coho (Puget Sound/Strait of Georgia ESU)"
NA,Hood Canal - fall Coho Salmon,Coho salmon,Fall,Puget Sound,,,Puget Sound/Strait of Georgia Coho,Hood Canal - fall Coho Salmon,Same,NA,NOSA,,2023,,Yes,,,NA,NA,NA,NA,NA,NA,NA,NA,NA,NA,NA,NA,NA,NA,NA,NA,,,NA,NA,NA,NA,NA,NA,NA,NA,NA,NA,NA,NA,NA,NA,NA,NA,NA,NA,NA,NA,NA,NA,NA,NA,NA,NA,NA,NA,NA,NA,NA,NA,NA,NA,NA,NA,NA,NA,NA,NA,NA,Final,NA,Hood Canal - fall Coho Salmon,"Salmon, coho (Puget Sound/Strait of Georgia ESU)"
NA,Skagit River - fall Coho Salmon,Coho salmon,Fall,Puget Sound,,,Puget Sound/Strait of Georgia Coho,Skagit River - fall Coho Salmon,Same,NA,NOSA,,2000,,Yes,58100,,NA,NA,NA,NA,NA,NA,NA,NA,NA,NA,NA,NA,NA,NA,NA,NA,58100,,NA,NA,NA,NA,NA,NA,NA,NA,NA,NA,NA,NA,NA,NA,NA,NA,NA,NA,NA,NA,NA,NA,NA,NA,NA,NA,NA,NA,NA,NA,NA,NA,NA,NA,NA,NA,NA,NA,NA,NA,NA,Final,NA,Skagit River - fall Coho Salmon,"Salmon, coho (Puget Sound/Strait of Georgia ESU)"
NA,Skagit River - fall Coho Salmon,Coho salmon,Fall,Puget Sound,,,Puget Sound/Strait of Georgia Coho,Skagit River - fall Coho Salmon,Same,NA,NOSA,,2001,,Yes,80442,,NA,NA,NA,NA,NA,NA,NA,NA,NA,NA,NA,NA,NA,NA,NA,NA,80442,,NA,NA,NA,NA,NA,NA,NA,NA,NA,NA,NA,NA,NA,NA,NA,NA,NA,NA,NA,NA,NA,NA,NA,NA,NA,NA,NA,NA,NA,NA,NA,NA,NA,NA,NA,NA,NA,NA,NA,NA,NA,Final,NA,Skagit River - fall Coho Salmon,"Salmon, coho (Puget Sound/Strait of Georgia ESU)"
NA,Skagit River - fall Coho Salmon,Coho salmon,Fall,Puget Sound,,,Puget Sound/Strait of Georgia Coho,Skagit River - fall Coho Salmon,Same,NA,NOSA,,2002,,Yes,41548,,NA,NA,NA,NA,NA,NA,NA,NA,NA,NA,NA,NA,NA,NA,NA,NA,41548,,NA,NA,NA,NA,NA,NA,NA,NA,NA,NA,NA,NA,NA,NA,NA,NA,NA,NA,NA,NA,NA,NA,NA,NA,NA,NA,NA,NA,NA,NA,NA,NA,NA,NA,NA,NA,NA,NA,NA,NA,NA,Final,NA,Skagit River - fall Coho Salmon,"Salmon, coho (Puget Sound/Strait of Georgia ESU)"
NA,Skagit River - fall Coho Salmon,Coho salmon,Fall,Puget Sound,,,Puget Sound/Strait of Georgia Coho,Skagit River - fall Coho Salmon,Same,NA,NOSA,,2003,,Yes,72710,,NA,NA,NA,NA,NA,NA,NA,NA,NA,NA,NA,NA,NA,NA,NA,NA,72710,,NA,NA,NA,NA,NA,NA,NA,NA,NA,NA,NA,NA,NA,NA,NA,NA,NA,NA,NA,NA,NA,NA,NA,NA,NA,NA,NA,NA,NA,NA,NA,NA,NA,NA,NA,NA,NA,NA,NA,NA,NA,Final,NA,Skagit River - fall Coho Salmon,"Salmon, coho (Puget Sound/Strait of Georgia ESU)"
NA,Skagit River - fall Coho Salmon,Coho salmon,Fall,Puget Sound,,,Puget Sound/Strait of Georgia Coho,Skagit River - fall Coho Salmon,Same,NA,NOSA,,2004,,Yes,136054,,NA,NA,NA,NA,NA,NA,NA,NA,NA,NA,NA,NA,NA,NA,NA,NA,136054,,NA,NA,NA,NA,NA,NA,NA,NA,NA,NA,NA,NA,NA,NA,NA,NA,NA,NA,NA,NA,NA,NA,NA,NA,NA,NA,NA,NA,NA,NA,NA,NA,NA,NA,NA,NA,NA,NA,NA,NA,NA,Final,NA,Skagit River - fall Coho Salmon,"Salmon, coho (Puget Sound/Strait of Georgia ESU)"
NA,Skagit River - fall Coho Salmon,Coho salmon,Fall,Puget Sound,,,Puget Sound/Strait of Georgia Coho,Skagit River - fall Coho Salmon,Same,NA,NOSA,,2005,,Yes,24830,,NA,NA,NA,NA,NA,NA,NA,NA,NA,NA,NA,NA,NA,NA,NA,NA,24830,,NA,NA,NA,NA,NA,NA,NA,NA,NA,NA,NA,NA,NA,NA,NA,NA,NA,NA,NA,NA,NA,NA,NA,NA,NA,NA,NA,NA,NA,NA,NA,NA,NA,NA,NA,NA,NA,NA,NA,NA,NA,Final,NA,Skagit River - fall Coho Salmon,"Salmon, coho (Puget Sound/Strait of Georgia ESU)"
NA,Skagit River - fall Coho Salmon,Coho salmon,Fall,Puget Sound,,,Puget Sound/Strait of Georgia Coho,Skagit River - fall Coho Salmon,Same,NA,NOSA,,2006,,Yes,7586,,NA,NA,NA,NA,NA,NA,NA,NA,NA,NA,NA,NA,NA,NA,NA,NA,7586,,NA,NA,NA,NA,NA,NA,NA,NA,NA,NA,NA,NA,NA,NA,NA,NA,NA,NA,NA,NA,NA,NA,NA,NA,NA,NA,NA,NA,NA,NA,NA,NA,NA,NA,NA,NA,NA,NA,NA,NA,NA,Final,NA,Skagit River - fall Coho Salmon,"Salmon, coho (Puget Sound/Strait of Georgia ESU)"
NA,Skagit River - fall Coho Salmon,Coho salmon,Fall,Puget Sound,,,Puget Sound/Strait of Georgia Coho,Skagit River - fall Coho Salmon,Same,NA,NOSA,,2007,,Yes,48593,,NA,NA,NA,NA,NA,NA,NA,NA,NA,NA,NA,NA,NA,NA,NA,NA,48593,,NA,NA,NA,NA,NA,NA,NA,NA,NA,NA,NA,NA,NA,NA,NA,NA,NA,NA,NA,NA,NA,NA,NA,NA,NA,NA,NA,NA,NA,NA,NA,NA,NA,NA,NA,NA,NA,NA,NA,NA,NA,Final,NA,Skagit River - fall Coho Salmon,"Salmon, coho (Puget Sound/Strait of Georgia ESU)"
NA,Skagit River - fall Coho Salmon,Coho salmon,Fall,Puget Sound,,,Puget Sound/Strait of Georgia Coho,Skagit River - fall Coho Salmon,Same,NA,NOSA,,2008,,Yes,20887,,NA,NA,NA,NA,NA,NA,NA,NA,NA,NA,NA,NA,NA,NA,NA,NA,20887,,NA,NA,NA,NA,NA,NA,NA,NA,NA,NA,NA,NA,NA,NA,NA,NA,NA,NA,NA,NA,NA,NA,NA,NA,NA,NA,NA,NA,NA,NA,NA,NA,NA,NA,NA,NA,NA,NA,NA,NA,NA,Final,NA,Skagit River - fall Coho Salmon,"Salmon, coho (Puget Sound/Strait of Georgia ESU)"
NA,Skagit River - fall Coho Salmon,Coho salmon,Fall,Puget Sound,,,Puget Sound/Strait of Georgia Coho,Skagit River - fall Coho Salmon,Same,NA,NOSA,,2009,,Yes,74466,,NA,NA,NA,NA,NA,NA,NA,NA,NA,NA,NA,NA,NA,NA,NA,NA,74466,,NA,NA,NA,NA,NA,NA,NA,NA,NA,NA,NA,NA,NA,NA,NA,NA,NA,NA,NA,NA,NA,NA,NA,NA,NA,NA,NA,NA,NA,NA,NA,NA,NA,NA,NA,NA,NA,NA,NA,NA,NA,Final,NA,Skagit River - fall Coho Salmon,"Salmon, coho (Puget Sound/Strait of Georgia ESU)"
NA,Skagit River - fall Coho Salmon,Coho salmon,Fall,Puget Sound,,,Puget Sound/Strait of Georgia Coho,Skagit River - fall Coho Salmon,Same,NA,NOSA,,2010,,Yes,31279,,NA,NA,NA,NA,NA,NA,NA,NA,NA,NA,NA,NA,NA,NA,NA,NA,31279,,NA,NA,NA,NA,NA,NA,NA,NA,NA,NA,NA,NA,NA,NA,NA,NA,NA,NA,NA,NA,NA,NA,NA,NA,NA,NA,NA,NA,NA,NA,NA,NA,NA,NA,NA,NA,NA,NA,NA,NA,NA,Final,NA,Skagit River - fall Coho Salmon,"Salmon, coho (Puget Sound/Strait of Georgia ESU)"
NA,Skagit River - fall Coho Salmon,Coho salmon,Fall,Puget Sound,,,Puget Sound/Strait of Georgia Coho,Skagit River - fall Coho Salmon,Same,NA,NOSA,,2011,,Yes,41061,,NA,NA,NA,NA,NA,NA,NA,NA,NA,NA,NA,NA,NA,NA,NA,NA,41061,,NA,NA,NA,NA,NA,NA,NA,NA,NA,NA,NA,NA,NA,NA,NA,NA,NA,NA,NA,NA,NA,NA,NA,NA,NA,NA,NA,NA,NA,NA,NA,NA,NA,NA,NA,NA,NA,NA,NA,NA,NA,Final,NA,Skagit River - fall Coho Salmon,"Salmon, coho (Puget Sound/Strait of Georgia ESU)"
NA,Skagit River - fall Coho Salmon,Coho salmon,Fall,Puget Sound,,,Puget Sound/Strait of Georgia Coho,Skagit River - fall Coho Salmon,Same,NA,NOSA,,2012,,Yes,92687,,NA,NA,NA,NA,NA,NA,NA,NA,NA,NA,NA,NA,NA,NA,NA,NA,92687,,NA,NA,NA,NA,NA,NA,NA,NA,NA,NA,NA,NA,NA,NA,NA,NA,NA,NA,NA,NA,NA,NA,NA,NA,NA,NA,NA,NA,NA,NA,NA,NA,NA,NA,NA,NA,NA,NA,NA,NA,NA,Final,NA,Skagit River - fall Coho Salmon,"Salmon, coho (Puget Sound/Strait of Georgia ESU)"
NA,Skagit River - fall Coho Salmon,Coho salmon,Fall,Puget Sound,,,Puget Sound/Strait of Georgia Coho,Skagit River - fall Coho Salmon,Same,NA,NOSA,,2013,,Yes,84479,,NA,NA,NA,NA,NA,NA,NA,NA,NA,NA,NA,NA,NA,NA,NA,NA,84479,,NA,NA,NA,NA,NA,NA,NA,NA,NA,NA,NA,NA,NA,NA,NA,NA,NA,NA,NA,NA,NA,NA,NA,NA,NA,NA,NA,NA,NA,NA,NA,NA,NA,NA,NA,NA,NA,NA,NA,NA,NA,Final,NA,Skagit River - fall Coho Salmon,"Salmon, coho (Puget Sound/Strait of Georgia ESU)"
NA,Skagit River - fall Coho Salmon,Coho salmon,Fall,Puget Sound,,,Puget Sound/Strait of Georgia Coho,Skagit River - fall Coho Salmon,Same,NA,NOSA,,2014,,Yes,24820,,NA,NA,NA,NA,NA,NA,NA,NA,NA,NA,NA,NA,NA,NA,NA,NA,24820,,NA,NA,NA,NA,NA,NA,NA,NA,NA,NA,NA,NA,NA,NA,NA,NA,NA,NA,NA,NA,NA,NA,NA,NA,NA,NA,NA,NA,NA,NA,NA,NA,NA,NA,NA,NA,NA,NA,NA,NA,NA,Final,NA,Skagit River - fall Coho Salmon,"Salmon, coho (Puget Sound/Strait of Georgia ESU)"
NA,Skagit River - fall Coho Salmon,Coho salmon,Fall,Puget Sound,,,Puget Sound/Strait of Georgia Coho,Skagit River - fall Coho Salmon,Same,NA,NOSA,,2015,,Yes,5794,,NA,NA,NA,NA,NA,NA,NA,NA,NA,NA,NA,NA,NA,NA,NA,NA,5794,,NA,NA,NA,NA,NA,NA,NA,NA,NA,NA,NA,NA,NA,NA,NA,NA,NA,NA,NA,NA,NA,NA,NA,NA,NA,NA,NA,NA,NA,NA,NA,NA,NA,NA,NA,NA,NA,NA,NA,NA,NA,Final,NA,Skagit River - fall Coho Salmon,"Salmon, coho (Puget Sound/Strait of Georgia ESU)"
NA,Skagit River - fall Coho Salmon,Coho salmon,Fall,Puget Sound,,,Puget Sound/Strait of Georgia Coho,Skagit River - fall Coho Salmon,Same,NA,NOSA,,2016,,Yes,35823,,NA,NA,NA,NA,NA,NA,NA,NA,NA,NA,NA,NA,NA,NA,NA,NA,35823,,NA,NA,NA,NA,NA,NA,NA,NA,NA,NA,NA,NA,NA,NA,NA,NA,NA,NA,NA,NA,NA,NA,NA,NA,NA,NA,NA,NA,NA,NA,NA,NA,NA,NA,NA,NA,NA,NA,NA,NA,NA,Final,NA,Skagit River - fall Coho Salmon,"Salmon, coho (Puget Sound/Strait of Georgia ESU)"
NA,Skagit River - fall Coho Salmon,Coho salmon,Fall,Puget Sound,,,Puget Sound/Strait of Georgia Coho,Skagit River - fall Coho Salmon,Same,NA,NOSA,,2017,,Yes,17957,,NA,NA,NA,NA,NA,NA,NA,NA,NA,NA,NA,NA,NA,NA,NA,NA,17957,,NA,NA,NA,NA,NA,NA,NA,NA,NA,NA,NA,NA,NA,NA,NA,NA,NA,NA,NA,NA,NA,NA,NA,NA,NA,NA,NA,NA,NA,NA,NA,NA,NA,NA,NA,NA,NA,NA,NA,NA,NA,Final,NA,Skagit River - fall Coho Salmon,"Salmon, coho (Puget Sound/Strait of Georgia ESU)"
NA,Skagit River - fall Coho Salmon,Coho salmon,Fall,Puget Sound,,,Puget Sound/Strait of Georgia Coho,Skagit River - fall Coho Salmon,Same,NA,NOSA,,2018,,Yes,18657,,NA,NA,NA,NA,NA,NA,NA,NA,NA,NA,NA,NA,NA,NA,NA,NA,18657,,NA,NA,NA,NA,NA,NA,NA,NA,NA,NA,NA,NA,NA,NA,NA,NA,NA,NA,NA,NA,NA,NA,NA,NA,NA,NA,NA,NA,NA,NA,NA,NA,NA,NA,NA,NA,NA,NA,NA,NA,NA,Final,NA,Skagit River - fall Coho Salmon,"Salmon, coho (Puget Sound/Strait of Georgia ESU)"
NA,Skagit River - fall Coho Salmon,Coho salmon,Fall,Puget Sound,,,Puget Sound/Strait of Georgia Coho,Skagit River - fall Coho Salmon,Same,NA,NOSA,,2019,,Yes,14246,,NA,NA,NA,NA,NA,NA,NA,NA,NA,NA,NA,NA,NA,NA,NA,NA,14246,,NA,NA,NA,NA,NA,NA,NA,NA,NA,NA,NA,NA,NA,NA,NA,NA,NA,NA,NA,NA,NA,NA,NA,NA,NA,NA,NA,NA,NA,NA,NA,NA,NA,NA,NA,NA,NA,NA,NA,NA,NA,Final,NA,Skagit River - fall Coho Salmon,"Salmon, coho (Puget Sound/Strait of Georgia ESU)"
NA,Skagit River - fall Coho Salmon,Coho salmon,Fall,Puget Sound,,,Puget Sound/Strait of Georgia Coho,Skagit River - fall Coho Salmon,Same,NA,NOSA,,2020,,Yes,23808,,NA,NA,NA,NA,NA,NA,NA,NA,NA,NA,NA,NA,NA,NA,NA,NA,23808,,NA,NA,NA,NA,NA,NA,NA,NA,NA,NA,NA,NA,NA,NA,NA,NA,NA,NA,NA,NA,NA,NA,NA,NA,NA,NA,NA,NA,NA,NA,NA,NA,NA,NA,NA,NA,NA,NA,NA,NA,NA,Final,NA,Skagit River - fall Coho Salmon,"Salmon, coho (Puget Sound/Strait of Georgia ESU)"
NA,Skagit River - fall Coho Salmon,Coho salmon,Fall,Puget Sound,,,Puget Sound/Strait of Georgia Coho,Skagit River - fall Coho Salmon,Same,NA,NOSA,,2021,,Yes,75532,,NA,NA,NA,NA,NA,NA,NA,NA,NA,NA,NA,NA,NA,NA,NA,NA,75532,,NA,NA,NA,NA,NA,NA,NA,NA,NA,NA,NA,NA,NA,NA,NA,NA,NA,NA,NA,NA,NA,NA,NA,NA,NA,NA,NA,NA,NA,NA,NA,NA,NA,NA,NA,NA,NA,NA,NA,NA,NA,Final,NA,Skagit River - fall Coho Salmon,"Salmon, coho (Puget Sound/Strait of Georgia ESU)"
NA,Skagit River - fall Coho Salmon,Coho salmon,Fall,Puget Sound,,,Puget Sound/Strait of Georgia Coho,Skagit River - fall Coho Salmon,Same,NA,NOSA,,2022,,Yes,92306,,NA,NA,NA,NA,NA,NA,NA,NA,NA,NA,NA,NA,NA,NA,NA,NA,92306,,NA,NA,NA,NA,NA,NA,NA,NA,NA,NA,NA,NA,NA,NA,NA,NA,NA,NA,NA,NA,NA,NA,NA,NA,NA,NA,NA,NA,NA,NA,NA,NA,NA,NA,NA,NA,NA,NA,NA,NA,NA,Final,NA,Skagit River - fall Coho Salmon,"Salmon, coho (Puget Sound/Strait of Georgia ESU)"
NA,Skagit River - fall Coho Salmon,Coho salmon,Fall,Puget Sound,,,Puget Sound/Strait of Georgia Coho,Skagit River - fall Coho Salmon,Same,NA,NOSA,,2023,,Yes,54443,,NA,NA,NA,NA,NA,NA,NA,NA,NA,NA,NA,NA,NA,NA,NA,NA,54443,,NA,NA,NA,NA,NA,NA,NA,NA,NA,NA,NA,NA,NA,NA,NA,NA,NA,NA,NA,NA,NA,NA,NA,NA,NA,NA,NA,NA,NA,NA,NA,NA,NA,NA,NA,NA,NA,NA,NA,NA,NA,Final,NA,Skagit River - fall Coho Salmon,"Salmon, coho (Puget Sound/Strait of Georgia ESU)"
NA,Snohomish River - fall Coho Salmon,Coho salmon,Fall,Puget Sound,,,Puget Sound/Strait of Georgia Coho,Snohomish River - fall Coho Salmon,Same,NA,NOSA,,2000,,Yes,94210,,NA,NA,NA,NA,NA,NA,NA,NA,NA,NA,NA,NA,NA,NA,NA,NA,94210,,NA,NA,NA,NA,NA,NA,NA,NA,NA,NA,NA,NA,NA,NA,NA,NA,NA,NA,NA,NA,NA,NA,NA,NA,NA,NA,NA,NA,NA,NA,NA,NA,NA,NA,NA,NA,NA,NA,NA,NA,NA,Final,NA,Snohomish River - fall Coho Salmon,"Salmon, coho (Puget Sound/Strait of Georgia ESU)"
NA,Snohomish River - fall Coho Salmon,Coho salmon,Fall,Puget Sound,,,Puget Sound/Strait of Georgia Coho,Snohomish River - fall Coho Salmon,Same,NA,NOSA,,2001,,Yes,261647,,NA,NA,NA,NA,NA,NA,NA,NA,NA,NA,NA,NA,NA,NA,NA,NA,261647,,NA,NA,NA,NA,NA,NA,NA,NA,NA,NA,NA,NA,NA,NA,NA,NA,NA,NA,NA,NA,NA,NA,NA,NA,NA,NA,NA,NA,NA,NA,NA,NA,NA,NA,NA,NA,NA,NA,NA,NA,NA,Final,NA,Snohomish River - fall Coho Salmon,"Salmon, coho (Puget Sound/Strait of Georgia ESU)"
NA,Snohomish River - fall Coho Salmon,Coho salmon,Fall,Puget Sound,,,Puget Sound/Strait of Georgia Coho,Snohomish River - fall Coho Salmon,Same,NA,NOSA,,2002,,Yes,161567,,NA,NA,NA,NA,NA,NA,NA,NA,NA,NA,NA,NA,NA,NA,NA,NA,161567,,NA,NA,NA,NA,NA,NA,NA,NA,NA,NA,NA,NA,NA,NA,NA,NA,NA,NA,NA,NA,NA,NA,NA,NA,NA,NA,NA,NA,NA,NA,NA,NA,NA,NA,NA,NA,NA,NA,NA,NA,NA,Final,NA,Snohomish River - fall Coho Salmon,"Salmon, coho (Puget Sound/Strait of Georgia ESU)"
NA,Snohomish River - fall Coho Salmon,Coho salmon,Fall,Puget Sound,,,Puget Sound/Strait of Georgia Coho,Snohomish River - fall Coho Salmon,Same,NA,NOSA,,2003,,Yes,182714,,NA,NA,NA,NA,NA,NA,NA,NA,NA,NA,NA,NA,NA,NA,NA,NA,182714,,NA,NA,NA,NA,NA,NA,NA,NA,NA,NA,NA,NA,NA,NA,NA,NA,NA,NA,NA,NA,NA,NA,NA,NA,NA,NA,NA,NA,NA,NA,NA,NA,NA,NA,NA,NA,NA,NA,NA,NA,NA,Final,NA,Snohomish River - fall Coho Salmon,"Salmon, coho (Puget Sound/Strait of Georgia ESU)"
NA,Snohomish River - fall Coho Salmon,Coho salmon,Fall,Puget Sound,,,Puget Sound/Strait of Georgia Coho,Snohomish River - fall Coho Salmon,Same,NA,NOSA,,2004,,Yes,252931,,NA,NA,NA,NA,NA,NA,NA,NA,NA,NA,NA,NA,NA,NA,NA,NA,252931,,NA,NA,NA,NA,NA,NA,NA,NA,NA,NA,NA,NA,NA,NA,NA,NA,NA,NA,NA,NA,NA,NA,NA,NA,NA,NA,NA,NA,NA,NA,NA,NA,NA,NA,NA,NA,NA,NA,NA,NA,NA,Final,NA,Snohomish River - fall Coho Salmon,"Salmon, coho (Puget Sound/Strait of Georgia ESU)"
NA,Snohomish River - fall Coho Salmon,Coho salmon,Fall,Puget Sound,,,Puget Sound/Strait of Georgia Coho,Snohomish River - fall Coho Salmon,Same,NA,NOSA,,2005,,Yes,109143,,NA,NA,NA,NA,NA,NA,NA,NA,NA,NA,NA,NA,NA,NA,NA,NA,109143,,NA,NA,NA,NA,NA,NA,NA,NA,NA,NA,NA,NA,NA,NA,NA,NA,NA,NA,NA,NA,NA,NA,NA,NA,NA,NA,NA,NA,NA,NA,NA,NA,NA,NA,NA,NA,NA,NA,NA,NA,NA,Final,NA,Snohomish River - fall Coho Salmon,"Salmon, coho (Puget Sound/Strait of Georgia ESU)"
NA,Snohomish River - fall Coho Salmon,Coho salmon,Fall,Puget Sound,,,Puget Sound/Strait of Georgia Coho,Snohomish River - fall Coho Salmon,Same,NA,NOSA,,2006,,Yes,75848,,NA,NA,NA,NA,NA,NA,NA,NA,NA,NA,NA,NA,NA,NA,NA,NA,75848,,NA,NA,NA,NA,NA,NA,NA,NA,NA,NA,NA,NA,NA,NA,NA,NA,NA,NA,NA,NA,NA,NA,NA,NA,NA,NA,NA,NA,NA,NA,NA,NA,NA,NA,NA,NA,NA,NA,NA,NA,NA,Final,NA,Snohomish River - fall Coho Salmon,"Salmon, coho (Puget Sound/Strait of Georgia ESU)"
NA,Snohomish River - fall Coho Salmon,Coho salmon,Fall,Puget Sound,,,Puget Sound/Strait of Georgia Coho,Snohomish River - fall Coho Salmon,Same,NA,NOSA,,2007,,Yes,118594,,NA,NA,NA,NA,NA,NA,NA,NA,NA,NA,NA,NA,NA,NA,NA,NA,118594,,NA,NA,NA,NA,NA,NA,NA,NA,NA,NA,NA,NA,NA,NA,NA,NA,NA,NA,NA,NA,NA,NA,NA,NA,NA,NA,NA,NA,NA,NA,NA,NA,NA,NA,NA,NA,NA,NA,NA,NA,NA,Final,NA,Snohomish River - fall Coho Salmon,"Salmon, coho (Puget Sound/Strait of Georgia ESU)"
NA,Snohomish River - fall Coho Salmon,Coho salmon,Fall,Puget Sound,,,Puget Sound/Strait of Georgia Coho,Snohomish River - fall Coho Salmon,Same,NA,NOSA,,2008,,Yes,35537,,NA,NA,NA,NA,NA,NA,NA,NA,NA,NA,NA,NA,NA,NA,NA,NA,35537,,NA,NA,NA,NA,NA,NA,NA,NA,NA,NA,NA,NA,NA,NA,NA,NA,NA,NA,NA,NA,NA,NA,NA,NA,NA,NA,NA,NA,NA,NA,NA,NA,NA,NA,NA,NA,NA,NA,NA,NA,NA,Final,NA,Snohomish River - fall Coho Salmon,"Salmon, coho (Puget Sound/Strait of Georgia ESU)"
NA,Snohomish River - fall Coho Salmon,Coho salmon,Fall,Puget Sound,,,Puget Sound/Strait of Georgia Coho,Snohomish River - fall Coho Salmon,Same,NA,NOSA,,2009,,Yes,99033,,NA,NA,NA,NA,NA,NA,NA,NA,NA,NA,NA,NA,NA,NA,NA,NA,99033,,NA,NA,NA,NA,NA,NA,NA,NA,NA,NA,NA,NA,NA,NA,NA,NA,NA,NA,NA,NA,NA,NA,NA,NA,NA,NA,NA,NA,NA,NA,NA,NA,NA,NA,NA,NA,NA,NA,NA,NA,NA,Final,NA,Snohomish River - fall Coho Salmon,"Salmon, coho (Puget Sound/Strait of Georgia ESU)"
NA,Snohomish River - fall Coho Salmon,Coho salmon,Fall,Puget Sound,,,Puget Sound/Strait of Georgia Coho,Snohomish River - fall Coho Salmon,Same,NA,NOSA,,2010,,Yes,49239,,NA,NA,NA,NA,NA,NA,NA,NA,NA,NA,NA,NA,NA,NA,NA,NA,49239,,NA,NA,NA,NA,NA,NA,NA,NA,NA,NA,NA,NA,NA,NA,NA,NA,NA,NA,NA,NA,NA,NA,NA,NA,NA,NA,NA,NA,NA,NA,NA,NA,NA,NA,NA,NA,NA,NA,NA,NA,NA,Final,NA,Snohomish River - fall Coho Salmon,"Salmon, coho (Puget Sound/Strait of Georgia ESU)"
NA,Snohomish River - fall Coho Salmon,Coho salmon,Fall,Puget Sound,,,Puget Sound/Strait of Georgia Coho,Snohomish River - fall Coho Salmon,Same,NA,NOSA,,2011,,Yes,111524,,NA,NA,NA,NA,NA,NA,NA,NA,NA,NA,NA,NA,NA,NA,NA,NA,111524,,NA,NA,NA,NA,NA,NA,NA,NA,NA,NA,NA,NA,NA,NA,NA,NA,NA,NA,NA,NA,NA,NA,NA,NA,NA,NA,NA,NA,NA,NA,NA,NA,NA,NA,NA,NA,NA,NA,NA,NA,NA,Final,NA,Snohomish River - fall Coho Salmon,"Salmon, coho (Puget Sound/Strait of Georgia ESU)"
NA,Snohomish River - fall Coho Salmon,Coho salmon,Fall,Puget Sound,,,Puget Sound/Strait of Georgia Coho,Snohomish River - fall Coho Salmon,Same,NA,NOSA,,2012,,Yes,130859,,NA,NA,NA,NA,NA,NA,NA,NA,NA,NA,NA,NA,NA,NA,NA,NA,130859,,NA,NA,NA,NA,NA,NA,NA,NA,NA,NA,NA,NA,NA,NA,NA,NA,NA,NA,NA,NA,NA,NA,NA,NA,NA,NA,NA,NA,NA,NA,NA,NA,NA,NA,NA,NA,NA,NA,NA,NA,NA,Final,NA,Snohomish River - fall Coho Salmon,"Salmon, coho (Puget Sound/Strait of Georgia ESU)"
NA,Snohomish River - fall Coho Salmon,Coho salmon,Fall,Puget Sound,,,Puget Sound/Strait of Georgia Coho,Snohomish River - fall Coho Salmon,Same,NA,NOSA,,2013,,Yes,126190,,NA,NA,NA,NA,NA,NA,NA,NA,NA,NA,NA,NA,NA,NA,NA,NA,126190,,NA,NA,NA,NA,NA,NA,NA,NA,NA,NA,NA,NA,NA,NA,NA,NA,NA,NA,NA,NA,NA,NA,NA,NA,NA,NA,NA,NA,NA,NA,NA,NA,NA,NA,NA,NA,NA,NA,NA,NA,NA,Final,NA,Snohomish River - fall Coho Salmon,"Salmon, coho (Puget Sound/Strait of Georgia ESU)"
NA,Snohomish River - fall Coho Salmon,Coho salmon,Fall,Puget Sound,,,Puget Sound/Strait of Georgia Coho,Snohomish River - fall Coho Salmon,Same,NA,NOSA,,2014,,Yes,46620,,NA,NA,NA,NA,NA,NA,NA,NA,NA,NA,NA,NA,NA,NA,NA,NA,46620,,NA,NA,NA,NA,NA,NA,NA,NA,NA,NA,NA,NA,NA,NA,NA,NA,NA,NA,NA,NA,NA,NA,NA,NA,NA,NA,NA,NA,NA,NA,NA,NA,NA,NA,NA,NA,NA,NA,NA,NA,NA,Final,NA,Snohomish River - fall Coho Salmon,"Salmon, coho (Puget Sound/Strait of Georgia ESU)"
NA,Snohomish River - fall Coho Salmon,Coho salmon,Fall,Puget Sound,,,Puget Sound/Strait of Georgia Coho,Snohomish River - fall Coho Salmon,Same,NA,NOSA,,2015,,Yes,12987,,NA,NA,NA,NA,NA,NA,NA,NA,NA,NA,NA,NA,NA,NA,NA,NA,12987,,NA,NA,NA,NA,NA,NA,NA,NA,NA,NA,NA,NA,NA,NA,NA,NA,NA,NA,NA,NA,NA,NA,NA,NA,NA,NA,NA,NA,NA,NA,NA,NA,NA,NA,NA,NA,NA,NA,NA,NA,NA,Final,NA,Snohomish River - fall Coho Salmon,"Salmon, coho (Puget Sound/Strait of Georgia ESU)"
NA,Snohomish River - fall Coho Salmon,Coho salmon,Fall,Puget Sound,,,Puget Sound/Strait of Georgia Coho,Snohomish River - fall Coho Salmon,Same,NA,NOSA,,2016,,Yes,44416,,NA,NA,NA,NA,NA,NA,NA,NA,NA,NA,NA,NA,NA,NA,NA,NA,44416,,NA,NA,NA,NA,NA,NA,NA,NA,NA,NA,NA,NA,NA,NA,NA,NA,NA,NA,NA,NA,NA,NA,NA,NA,NA,NA,NA,NA,NA,NA,NA,NA,NA,NA,NA,NA,NA,NA,NA,NA,NA,Final,NA,Snohomish River - fall Coho Salmon,"Salmon, coho (Puget Sound/Strait of Georgia ESU)"
NA,Snohomish River - fall Coho Salmon,Coho salmon,Fall,Puget Sound,,,Puget Sound/Strait of Georgia Coho,Snohomish River - fall Coho Salmon,Same,NA,NOSA,,2017,,Yes,18362,,NA,NA,NA,NA,NA,NA,NA,NA,NA,NA,NA,NA,NA,NA,NA,NA,18362,,NA,NA,NA,NA,NA,NA,NA,NA,NA,NA,NA,NA,NA,NA,NA,NA,NA,NA,NA,NA,NA,NA,NA,NA,NA,NA,NA,NA,NA,NA,NA,NA,NA,NA,NA,NA,NA,NA,NA,NA,NA,Final,NA,Snohomish River - fall Coho Salmon,"Salmon, coho (Puget Sound/Strait of Georgia ESU)"
NA,Snohomish River - fall Coho Salmon,Coho salmon,Fall,Puget Sound,,,Puget Sound/Strait of Georgia Coho,Snohomish River - fall Coho Salmon,Same,NA,NOSA,,2018,,Yes,57226,,NA,NA,NA,NA,NA,NA,NA,NA,NA,NA,NA,NA,NA,NA,NA,NA,57226,,NA,NA,NA,NA,NA,NA,NA,NA,NA,NA,NA,NA,NA,NA,NA,NA,NA,NA,NA,NA,NA,NA,NA,NA,NA,NA,NA,NA,NA,NA,NA,NA,NA,NA,NA,NA,NA,NA,NA,NA,NA,Final,NA,Snohomish River - fall Coho Salmon,"Salmon, coho (Puget Sound/Strait of Georgia ESU)"
NA,Snohomish River - fall Coho Salmon,Coho salmon,Fall,Puget Sound,,,Puget Sound/Strait of Georgia Coho,Snohomish River - fall Coho Salmon,Same,NA,NOSA,,2019,,Yes,39902,,NA,NA,NA,NA,NA,NA,NA,NA,NA,NA,NA,NA,NA,NA,NA,NA,39902,,NA,NA,NA,NA,NA,NA,NA,NA,NA,NA,NA,NA,NA,NA,NA,NA,NA,NA,NA,NA,NA,NA,NA,NA,NA,NA,NA,NA,NA,NA,NA,NA,NA,NA,NA,NA,NA,NA,NA,NA,NA,Final,NA,Snohomish River - fall Coho Salmon,"Salmon, coho (Puget Sound/Strait of Georgia ESU)"
NA,Snohomish River - fall Coho Salmon,Coho salmon,Fall,Puget Sound,,,Puget Sound/Strait of Georgia Coho,Snohomish River - fall Coho Salmon,Same,NA,NOSA,,2020,,Yes,41669,,NA,NA,NA,NA,NA,NA,NA,NA,NA,NA,NA,NA,NA,NA,NA,NA,41669,,NA,NA,NA,NA,NA,NA,NA,NA,NA,NA,NA,NA,NA,NA,NA,NA,NA,NA,NA,NA,NA,NA,NA,NA,NA,NA,NA,NA,NA,NA,NA,NA,NA,NA,NA,NA,NA,NA,NA,NA,NA,Final,NA,Snohomish River - fall Coho Salmon,"Salmon, coho (Puget Sound/Strait of Georgia ESU)"
NA,Snohomish River - fall Coho Salmon,Coho salmon,Fall,Puget Sound,,,Puget Sound/Strait of Georgia Coho,Snohomish River - fall Coho Salmon,Same,NA,NOSA,,2021,,Yes,96886,,NA,NA,NA,NA,NA,NA,NA,NA,NA,NA,NA,NA,NA,NA,NA,NA,96886,,NA,NA,NA,NA,NA,NA,NA,NA,NA,NA,NA,NA,NA,NA,NA,NA,NA,NA,NA,NA,NA,NA,NA,NA,NA,NA,NA,NA,NA,NA,NA,NA,NA,NA,NA,NA,NA,NA,NA,NA,NA,Final,NA,Snohomish River - fall Coho Salmon,"Salmon, coho (Puget Sound/Strait of Georgia ESU)"
NA,Snohomish River - fall Coho Salmon,Coho salmon,Fall,Puget Sound,,,Puget Sound/Strait of Georgia Coho,Snohomish River - fall Coho Salmon,Same,NA,NOSA,,2022,,Yes,83148,,NA,NA,NA,NA,NA,NA,NA,NA,NA,NA,NA,NA,NA,NA,NA,NA,83148,,NA,NA,NA,NA,NA,NA,NA,NA,NA,NA,NA,NA,NA,NA,NA,NA,NA,NA,NA,NA,NA,NA,NA,NA,NA,NA,NA,NA,NA,NA,NA,NA,NA,NA,NA,NA,NA,NA,NA,NA,NA,Final,NA,Snohomish River - fall Coho Salmon,"Salmon, coho (Puget Sound/Strait of Georgia ESU)"
NA,Snohomish River - fall Coho Salmon,Coho salmon,Fall,Puget Sound,,,Puget Sound/Strait of Georgia Coho,Snohomish River - fall Coho Salmon,Same,NA,NOSA,,2023,,Yes,62742,,NA,NA,NA,NA,NA,NA,NA,NA,NA,NA,NA,NA,NA,NA,NA,NA,62742,,NA,NA,NA,NA,NA,NA,NA,NA,NA,NA,NA,NA,NA,NA,NA,NA,NA,NA,NA,NA,NA,NA,NA,NA,NA,NA,NA,NA,NA,NA,NA,NA,NA,NA,NA,NA,NA,NA,NA,NA,NA,Final,NA,Snohomish River - fall Coho Salmon,"Salmon, coho (Puget Sound/Strait of Georgia ESU)"
NA,Stillaguamish River - fall Coho Salmon,Coho salmon,Fall,Puget Sound,,,Puget Sound/Strait of Georgia Coho,Stillaguamish River - fall Coho Salmon,Same,NA,NOSA,,2000,,Yes,28293,,NA,NA,NA,NA,NA,NA,NA,NA,NA,NA,NA,NA,NA,NA,NA,NA,28293,,NA,NA,NA,NA,NA,NA,NA,NA,NA,NA,NA,NA,NA,NA,NA,NA,NA,NA,NA,NA,NA,NA,NA,NA,NA,NA,NA,NA,NA,NA,NA,NA,NA,NA,NA,NA,NA,NA,NA,NA,NA,Final,NA,Stillaguamish River - fall Coho Salmon,"Salmon, coho (Puget Sound/Strait of Georgia ESU)"
NA,Stillaguamish River - fall Coho Salmon,Coho salmon,Fall,Puget Sound,,,Puget Sound/Strait of Georgia Coho,Stillaguamish River - fall Coho Salmon,Same,NA,NOSA,,2001,,Yes,74773,,NA,NA,NA,NA,NA,NA,NA,NA,NA,NA,NA,NA,NA,NA,NA,NA,74773,,NA,NA,NA,NA,NA,NA,NA,NA,NA,NA,NA,NA,NA,NA,NA,NA,NA,NA,NA,NA,NA,NA,NA,NA,NA,NA,NA,NA,NA,NA,NA,NA,NA,NA,NA,NA,NA,NA,NA,NA,NA,Final,NA,Stillaguamish River - fall Coho Salmon,"Salmon, coho (Puget Sound/Strait of Georgia ESU)"
NA,Stillaguamish River - fall Coho Salmon,Coho salmon,Fall,Puget Sound,,,Puget Sound/Strait of Georgia Coho,Stillaguamish River - fall Coho Salmon,Same,NA,NOSA,,2002,,Yes,27305,,NA,NA,NA,NA,NA,NA,NA,NA,NA,NA,NA,NA,NA,NA,NA,NA,27305,,NA,NA,NA,NA,NA,NA,NA,NA,NA,NA,NA,NA,NA,NA,NA,NA,NA,NA,NA,NA,NA,NA,NA,NA,NA,NA,NA,NA,NA,NA,NA,NA,NA,NA,NA,NA,NA,NA,NA,NA,NA,Final,NA,Stillaguamish River - fall Coho Salmon,"Salmon, coho (Puget Sound/Strait of Georgia ESU)"
NA,Stillaguamish River - fall Coho Salmon,Coho salmon,Fall,Puget Sound,,,Puget Sound/Strait of Georgia Coho,Stillaguamish River - fall Coho Salmon,Same,NA,NOSA,,2003,,Yes,45691,,NA,NA,NA,NA,NA,NA,NA,NA,NA,NA,NA,NA,NA,NA,NA,NA,45691,,NA,NA,NA,NA,NA,NA,NA,NA,NA,NA,NA,NA,NA,NA,NA,NA,NA,NA,NA,NA,NA,NA,NA,NA,NA,NA,NA,NA,NA,NA,NA,NA,NA,NA,NA,NA,NA,NA,NA,NA,NA,Final,NA,Stillaguamish River - fall Coho Salmon,"Salmon, coho (Puget Sound/Strait of Georgia ESU)"
NA,Stillaguamish River - fall Coho Salmon,Coho salmon,Fall,Puget Sound,,,Puget Sound/Strait of Georgia Coho,Stillaguamish River - fall Coho Salmon,Same,NA,NOSA,,2004,,Yes,65228,,NA,NA,NA,NA,NA,NA,NA,NA,NA,NA,NA,NA,NA,NA,NA,NA,65228,,NA,NA,NA,NA,NA,NA,NA,NA,NA,NA,NA,NA,NA,NA,NA,NA,NA,NA,NA,NA,NA,NA,NA,NA,NA,NA,NA,NA,NA,NA,NA,NA,NA,NA,NA,NA,NA,NA,NA,NA,NA,Final,NA,Stillaguamish River - fall Coho Salmon,"Salmon, coho (Puget Sound/Strait of Georgia ESU)"
NA,Stillaguamish River - fall Coho Salmon,Coho salmon,Fall,Puget Sound,,,Puget Sound/Strait of Georgia Coho,Stillaguamish River - fall Coho Salmon,Same,NA,NOSA,,2005,,Yes,25141,,NA,NA,NA,NA,NA,NA,NA,NA,NA,NA,NA,NA,NA,NA,NA,NA,25141,,NA,NA,NA,NA,NA,NA,NA,NA,NA,NA,NA,NA,NA,NA,NA,NA,NA,NA,NA,NA,NA,NA,NA,NA,NA,NA,NA,NA,NA,NA,NA,NA,NA,NA,NA,NA,NA,NA,NA,NA,NA,Final,NA,Stillaguamish River - fall Coho Salmon,"Salmon, coho (Puget Sound/Strait of Georgia ESU)"
NA,Stillaguamish River - fall Coho Salmon,Coho salmon,Fall,Puget Sound,,,Puget Sound/Strait of Georgia Coho,Stillaguamish River - fall Coho Salmon,Same,NA,NOSA,,2006,,Yes,8549,,NA,NA,NA,NA,NA,NA,NA,NA,NA,NA,NA,NA,NA,NA,NA,NA,8549,,NA,NA,NA,NA,NA,NA,NA,NA,NA,NA,NA,NA,NA,NA,NA,NA,NA,NA,NA,NA,NA,NA,NA,NA,NA,NA,NA,NA,NA,NA,NA,NA,NA,NA,NA,NA,NA,NA,NA,NA,NA,Final,NA,Stillaguamish River - fall Coho Salmon,"Salmon, coho (Puget Sound/Strait of Georgia ESU)"
NA,Stillaguamish River - fall Coho Salmon,Coho salmon,Fall,Puget Sound,,,Puget Sound/Strait of Georgia Coho,Stillaguamish River - fall Coho Salmon,Same,NA,NOSA,,2007,,Yes,38732,,NA,NA,NA,NA,NA,NA,NA,NA,NA,NA,NA,NA,NA,NA,NA,NA,38732,,NA,NA,NA,NA,NA,NA,NA,NA,NA,NA,NA,NA,NA,NA,NA,NA,NA,NA,NA,NA,NA,NA,NA,NA,NA,NA,NA,NA,NA,NA,NA,NA,NA,NA,NA,NA,NA,NA,NA,NA,NA,Final,NA,Stillaguamish River - fall Coho Salmon,"Salmon, coho (Puget Sound/Strait of Georgia ESU)"
NA,Stillaguamish River - fall Coho Salmon,Coho salmon,Fall,Puget Sound,,,Puget Sound/Strait of Georgia Coho,Stillaguamish River - fall Coho Salmon,Same,NA,NOSA,,2008,,Yes,12938,,NA,NA,NA,NA,NA,NA,NA,NA,NA,NA,NA,NA,NA,NA,NA,NA,12938,,NA,NA,NA,NA,NA,NA,NA,NA,NA,NA,NA,NA,NA,NA,NA,NA,NA,NA,NA,NA,NA,NA,NA,NA,NA,NA,NA,NA,NA,NA,NA,NA,NA,NA,NA,NA,NA,NA,NA,NA,NA,Final,NA,Stillaguamish River - fall Coho Salmon,"Salmon, coho (Puget Sound/Strait of Georgia ESU)"
NA,Stillaguamish River - fall Coho Salmon,Coho salmon,Fall,Puget Sound,,,Puget Sound/Strait of Georgia Coho,Stillaguamish River - fall Coho Salmon,Same,NA,NOSA,,2009,,Yes,22179,,NA,NA,NA,NA,NA,NA,NA,NA,NA,NA,NA,NA,NA,NA,NA,NA,22179,,NA,NA,NA,NA,NA,NA,NA,NA,NA,NA,NA,NA,NA,NA,NA,NA,NA,NA,NA,NA,NA,NA,NA,NA,NA,NA,NA,NA,NA,NA,NA,NA,NA,NA,NA,NA,NA,NA,NA,NA,NA,Final,NA,Stillaguamish River - fall Coho Salmon,"Salmon, coho (Puget Sound/Strait of Georgia ESU)"
NA,Stillaguamish River - fall Coho Salmon,Coho salmon,Fall,Puget Sound,,,Puget Sound/Strait of Georgia Coho,Stillaguamish River - fall Coho Salmon,Same,NA,NOSA,,2010,,Yes,15172,,NA,NA,NA,NA,NA,NA,NA,NA,NA,NA,NA,NA,NA,NA,NA,NA,15172,,NA,NA,NA,NA,NA,NA,NA,NA,NA,NA,NA,NA,NA,NA,NA,NA,NA,NA,NA,NA,NA,NA,NA,NA,NA,NA,NA,NA,NA,NA,NA,NA,NA,NA,NA,NA,NA,NA,NA,NA,NA,Final,NA,Stillaguamish River - fall Coho Salmon,"Salmon, coho (Puget Sound/Strait of Georgia ESU)"
NA,Stillaguamish River - fall Coho Salmon,Coho salmon,Fall,Puget Sound,,,Puget Sound/Strait of Georgia Coho,Stillaguamish River - fall Coho Salmon,Same,NA,NOSA,,2011,,Yes,49991,,NA,NA,NA,NA,NA,NA,NA,NA,NA,NA,NA,NA,NA,NA,NA,NA,49991,,NA,NA,NA,NA,NA,NA,NA,NA,NA,NA,NA,NA,NA,NA,NA,NA,NA,NA,NA,NA,NA,NA,NA,NA,NA,NA,NA,NA,NA,NA,NA,NA,NA,NA,NA,NA,NA,NA,NA,NA,NA,Final,NA,Stillaguamish River - fall Coho Salmon,"Salmon, coho (Puget Sound/Strait of Georgia ESU)"
NA,Stillaguamish River - fall Coho Salmon,Coho salmon,Fall,Puget Sound,,,Puget Sound/Strait of Georgia Coho,Stillaguamish River - fall Coho Salmon,Same,NA,NOSA,,2012,,Yes,45156,,NA,NA,NA,NA,NA,NA,NA,NA,NA,NA,NA,NA,NA,NA,NA,NA,45156,,NA,NA,NA,NA,NA,NA,NA,NA,NA,NA,NA,NA,NA,NA,NA,NA,NA,NA,NA,NA,NA,NA,NA,NA,NA,NA,NA,NA,NA,NA,NA,NA,NA,NA,NA,NA,NA,NA,NA,NA,NA,Final,NA,Stillaguamish River - fall Coho Salmon,"Salmon, coho (Puget Sound/Strait of Georgia ESU)"
NA,Stillaguamish River - fall Coho Salmon,Coho salmon,Fall,Puget Sound,,,Puget Sound/Strait of Georgia Coho,Stillaguamish River - fall Coho Salmon,Same,NA,NOSA,,2013,,Yes,60387,,NA,NA,NA,NA,NA,NA,NA,NA,NA,NA,NA,NA,NA,NA,NA,NA,60387,,NA,NA,NA,NA,NA,NA,NA,NA,NA,NA,NA,NA,NA,NA,NA,NA,NA,NA,NA,NA,NA,NA,NA,NA,NA,NA,NA,NA,NA,NA,NA,NA,NA,NA,NA,NA,NA,NA,NA,NA,NA,Final,NA,Stillaguamish River - fall Coho Salmon,"Salmon, coho (Puget Sound/Strait of Georgia ESU)"
NA,Stillaguamish River - fall Coho Salmon,Coho salmon,Fall,Puget Sound,,,Puget Sound/Strait of Georgia Coho,Stillaguamish River - fall Coho Salmon,Same,NA,NOSA,,2014,,Yes,35763,,NA,NA,NA,NA,NA,NA,NA,NA,NA,NA,NA,NA,NA,NA,NA,NA,35763,,NA,NA,NA,NA,NA,NA,NA,NA,NA,NA,NA,NA,NA,NA,NA,NA,NA,NA,NA,NA,NA,NA,NA,NA,NA,NA,NA,NA,NA,NA,NA,NA,NA,NA,NA,NA,NA,NA,NA,NA,NA,Final,NA,Stillaguamish River - fall Coho Salmon,"Salmon, coho (Puget Sound/Strait of Georgia ESU)"
NA,Stillaguamish River - fall Coho Salmon,Coho salmon,Fall,Puget Sound,,,Puget Sound/Strait of Georgia Coho,Stillaguamish River - fall Coho Salmon,Same,NA,NOSA,,2015,,Yes,2909,,NA,NA,NA,NA,NA,NA,NA,NA,NA,NA,NA,NA,NA,NA,NA,NA,2909,,NA,NA,NA,NA,NA,NA,NA,NA,NA,NA,NA,NA,NA,NA,NA,NA,NA,NA,NA,NA,NA,NA,NA,NA,NA,NA,NA,NA,NA,NA,NA,NA,NA,NA,NA,NA,NA,NA,NA,NA,NA,Final,NA,Stillaguamish River - fall Coho Salmon,"Salmon, coho (Puget Sound/Strait of Georgia ESU)"
NA,Stillaguamish River - fall Coho Salmon,Coho salmon,Fall,Puget Sound,,,Puget Sound/Strait of Georgia Coho,Stillaguamish River - fall Coho Salmon,Same,NA,NOSA,,2016,,Yes,12933,,NA,NA,NA,NA,NA,NA,NA,NA,NA,NA,NA,NA,NA,NA,NA,NA,12933,,NA,NA,NA,NA,NA,NA,NA,NA,NA,NA,NA,NA,NA,NA,NA,NA,NA,NA,NA,NA,NA,NA,NA,NA,NA,NA,NA,NA,NA,NA,NA,NA,NA,NA,NA,NA,NA,NA,NA,NA,NA,Final,NA,Stillaguamish River - fall Coho Salmon,"Salmon, coho (Puget Sound/Strait of Georgia ESU)"
NA,Stillaguamish River - fall Coho Salmon,Coho salmon,Fall,Puget Sound,,,Puget Sound/Strait of Georgia Coho,Stillaguamish River - fall Coho Salmon,Same,NA,NOSA,,2017,,Yes,6017,,NA,NA,NA,NA,NA,NA,NA,NA,NA,NA,NA,NA,NA,NA,NA,NA,6017,,NA,NA,NA,NA,NA,NA,NA,NA,NA,NA,NA,NA,NA,NA,NA,NA,NA,NA,NA,NA,NA,NA,NA,NA,NA,NA,NA,NA,NA,NA,NA,NA,NA,NA,NA,NA,NA,NA,NA,NA,NA,Final,NA,Stillaguamish River - fall Coho Salmon,"Salmon, coho (Puget Sound/Strait of Georgia ESU)"
NA,Stillaguamish River - fall Coho Salmon,Coho salmon,Fall,Puget Sound,,,Puget Sound/Strait of Georgia Coho,Stillaguamish River - fall Coho Salmon,Same,NA,NOSA,,2018,,Yes,23937,,NA,NA,NA,NA,NA,NA,NA,NA,NA,NA,NA,NA,NA,NA,NA,NA,23937,,NA,NA,NA,NA,NA,NA,NA,NA,NA,NA,NA,NA,NA,NA,NA,NA,NA,NA,NA,NA,NA,NA,NA,NA,NA,NA,NA,NA,NA,NA,NA,NA,NA,NA,NA,NA,NA,NA,NA,NA,NA,Final,NA,Stillaguamish River - fall Coho Salmon,"Salmon, coho (Puget Sound/Strait of Georgia ESU)"
NA,Stillaguamish River - fall Coho Salmon,Coho salmon,Fall,Puget Sound,,,Puget Sound/Strait of Georgia Coho,Stillaguamish River - fall Coho Salmon,Same,NA,NOSA,,2019,,Yes,12887,,NA,NA,NA,NA,NA,NA,NA,NA,NA,NA,NA,NA,NA,NA,NA,NA,12887,,NA,NA,NA,NA,NA,NA,NA,NA,NA,NA,NA,NA,NA,NA,NA,NA,NA,NA,NA,NA,NA,NA,NA,NA,NA,NA,NA,NA,NA,NA,NA,NA,NA,NA,NA,NA,NA,NA,NA,NA,NA,Final,NA,Stillaguamish River - fall Coho Salmon,"Salmon, coho (Puget Sound/Strait of Georgia ESU)"
NA,Stillaguamish River - fall Coho Salmon,Coho salmon,Fall,Puget Sound,,,Puget Sound/Strait of Georgia Coho,Stillaguamish River - fall Coho Salmon,Same,NA,NOSA,,2020,,Yes,21555,,NA,NA,NA,NA,NA,NA,NA,NA,NA,NA,NA,NA,NA,NA,NA,NA,21555,,NA,NA,NA,NA,NA,NA,NA,NA,NA,NA,NA,NA,NA,NA,NA,NA,NA,NA,NA,NA,NA,NA,NA,NA,NA,NA,NA,NA,NA,NA,NA,NA,NA,NA,NA,NA,NA,NA,NA,NA,NA,Final,NA,Stillaguamish River - fall Coho Salmon,"Salmon, coho (Puget Sound/Strait of Georgia ESU)"
NA,Stillaguamish River - fall Coho Salmon,Coho salmon,Fall,Puget Sound,,,Puget Sound/Strait of Georgia Coho,Stillaguamish River - fall Coho Salmon,Same,NA,NOSA,,2021,,Yes,38176,,NA,NA,NA,NA,NA,NA,NA,NA,NA,NA,NA,NA,NA,NA,NA,NA,38176,,NA,NA,NA,NA,NA,NA,NA,NA,NA,NA,NA,NA,NA,NA,NA,NA,NA,NA,NA,NA,NA,NA,NA,NA,NA,NA,NA,NA,NA,NA,NA,NA,NA,NA,NA,NA,NA,NA,NA,NA,NA,Final,NA,Stillaguamish River - fall Coho Salmon,"Salmon, coho (Puget Sound/Strait of Georgia ESU)"
NA,Stillaguamish River - fall Coho Salmon,Coho salmon,Fall,Puget Sound,,,Puget Sound/Strait of Georgia Coho,Stillaguamish River - fall Coho Salmon,Same,NA,NOSA,,2022,,Yes,53828,,NA,NA,NA,NA,NA,NA,NA,NA,NA,NA,NA,NA,NA,NA,NA,NA,53828,,NA,NA,NA,NA,NA,NA,NA,NA,NA,NA,NA,NA,NA,NA,NA,NA,NA,NA,NA,NA,NA,NA,NA,NA,NA,NA,NA,NA,NA,NA,NA,NA,NA,NA,NA,NA,NA,NA,NA,NA,NA,Final,NA,Stillaguamish River - fall Coho Salmon,"Salmon, coho (Puget Sound/Strait of Georgia ESU)"
NA,Stillaguamish River - fall Coho Salmon,Coho salmon,Fall,Puget Sound,,,Puget Sound/Strait of Georgia Coho,Stillaguamish River - fall Coho Salmon,Same,NA,NOSA,,2023,,Yes,37963,,NA,NA,NA,NA,NA,NA,NA,NA,NA,NA,NA,NA,NA,NA,NA,NA,37963,,NA,NA,NA,NA,NA,NA,NA,NA,NA,NA,NA,NA,NA,NA,NA,NA,NA,NA,NA,NA,NA,NA,NA,NA,NA,NA,NA,NA,NA,NA,NA,NA,NA,NA,NA,NA,NA,NA,NA,NA,NA,Final,NA,Stillaguamish River - fall Coho Salmon,"Salmon, coho (Puget Sound/Strait of Georgia ESU)"
NA,Strait of Juan de Fuca - fall Coho Salmon,Coho salmon,Fall,Puget Sound,,,Puget Sound/Strait of Georgia Coho,Strait of Juan de Fuca - fall Coho Salmon,Same,NA,NOSA,,2000,,Yes,17547,,NA,NA,NA,NA,NA,NA,NA,NA,NA,NA,NA,NA,NA,NA,NA,NA,17547,,NA,NA,NA,NA,NA,NA,NA,NA,NA,NA,NA,NA,NA,NA,NA,NA,NA,NA,NA,NA,NA,NA,NA,NA,NA,NA,NA,NA,NA,NA,NA,NA,NA,NA,NA,NA,NA,NA,NA,NA,NA,Final,NA,Strait of Juan de Fuca - fall Coho Salmon,"Salmon, coho (Puget Sound/Strait of Georgia ESU)"
NA,Strait of Juan de Fuca - fall Coho Salmon,Coho salmon,Fall,Puget Sound,,,Puget Sound/Strait of Georgia Coho,Strait of Juan de Fuca - fall Coho Salmon,Same,NA,NOSA,,2001,,Yes,29048,,NA,NA,NA,NA,NA,NA,NA,NA,NA,NA,NA,NA,NA,NA,NA,NA,29048,,NA,NA,NA,NA,NA,NA,NA,NA,NA,NA,NA,NA,NA,NA,NA,NA,NA,NA,NA,NA,NA,NA,NA,NA,NA,NA,NA,NA,NA,NA,NA,NA,NA,NA,NA,NA,NA,NA,NA,NA,NA,Final,NA,Strait of Juan de Fuca - fall Coho Salmon,"Salmon, coho (Puget Sound/Strait of Georgia ESU)"
NA,Strait of Juan de Fuca - fall Coho Salmon,Coho salmon,Fall,Puget Sound,,,Puget Sound/Strait of Georgia Coho,Strait of Juan de Fuca - fall Coho Salmon,Same,NA,NOSA,,2002,,Yes,20117,,NA,NA,NA,NA,NA,NA,NA,NA,NA,NA,NA,NA,NA,NA,NA,NA,20117,,NA,NA,NA,NA,NA,NA,NA,NA,NA,NA,NA,NA,NA,NA,NA,NA,NA,NA,NA,NA,NA,NA,NA,NA,NA,NA,NA,NA,NA,NA,NA,NA,NA,NA,NA,NA,NA,NA,NA,NA,NA,Final,NA,Strait of Juan de Fuca - fall Coho Salmon,"Salmon, coho (Puget Sound/Strait of Georgia ESU)"
NA,Strait of Juan de Fuca - fall Coho Salmon,Coho salmon,Fall,Puget Sound,,,Puget Sound/Strait of Georgia Coho,Strait of Juan de Fuca - fall Coho Salmon,Same,NA,NOSA,,2003,,Yes,17042,,NA,NA,NA,NA,NA,NA,NA,NA,NA,NA,NA,NA,NA,NA,NA,NA,17042,,NA,NA,NA,NA,NA,NA,NA,NA,NA,NA,NA,NA,NA,NA,NA,NA,NA,NA,NA,NA,NA,NA,NA,NA,NA,NA,NA,NA,NA,NA,NA,NA,NA,NA,NA,NA,NA,NA,NA,NA,NA,Final,NA,Strait of Juan de Fuca - fall Coho Salmon,"Salmon, coho (Puget Sound/Strait of Georgia ESU)"
NA,Strait of Juan de Fuca - fall Coho Salmon,Coho salmon,Fall,Puget Sound,,,Puget Sound/Strait of Georgia Coho,Strait of Juan de Fuca - fall Coho Salmon,Same,NA,NOSA,,2004,,Yes,19755,,NA,NA,NA,NA,NA,NA,NA,NA,NA,NA,NA,NA,NA,NA,NA,NA,19755,,NA,NA,NA,NA,NA,NA,NA,NA,NA,NA,NA,NA,NA,NA,NA,NA,NA,NA,NA,NA,NA,NA,NA,NA,NA,NA,NA,NA,NA,NA,NA,NA,NA,NA,NA,NA,NA,NA,NA,NA,NA,Final,NA,Strait of Juan de Fuca - fall Coho Salmon,"Salmon, coho (Puget Sound/Strait of Georgia ESU)"
NA,Strait of Juan de Fuca - fall Coho Salmon,Coho salmon,Fall,Puget Sound,,,Puget Sound/Strait of Georgia Coho,Strait of Juan de Fuca - fall Coho Salmon,Same,NA,NOSA,,2005,,Yes,10203,,NA,NA,NA,NA,NA,NA,NA,NA,NA,NA,NA,NA,NA,NA,NA,NA,10203,,NA,NA,NA,NA,NA,NA,NA,NA,NA,NA,NA,NA,NA,NA,NA,NA,NA,NA,NA,NA,NA,NA,NA,NA,NA,NA,NA,NA,NA,NA,NA,NA,NA,NA,NA,NA,NA,NA,NA,NA,NA,Final,NA,Strait of Juan de Fuca - fall Coho Salmon,"Salmon, coho (Puget Sound/Strait of Georgia ESU)"
NA,Strait of Juan de Fuca - fall Coho Salmon,Coho salmon,Fall,Puget Sound,,,Puget Sound/Strait of Georgia Coho,Strait of Juan de Fuca - fall Coho Salmon,Same,NA,NOSA,,2006,,Yes,3801,,NA,NA,NA,NA,NA,NA,NA,NA,NA,NA,NA,NA,NA,NA,NA,NA,3801,,NA,NA,NA,NA,NA,NA,NA,NA,NA,NA,NA,NA,NA,NA,NA,NA,NA,NA,NA,NA,NA,NA,NA,NA,NA,NA,NA,NA,NA,NA,NA,NA,NA,NA,NA,NA,NA,NA,NA,NA,NA,Final,NA,Strait of Juan de Fuca - fall Coho Salmon,"Salmon, coho (Puget Sound/Strait of Georgia ESU)"
NA,Strait of Juan de Fuca - fall Coho Salmon,Coho salmon,Fall,Puget Sound,,,Puget Sound/Strait of Georgia Coho,Strait of Juan de Fuca - fall Coho Salmon,Same,NA,NOSA,,2007,,Yes,7527,,NA,NA,NA,NA,NA,NA,NA,NA,NA,NA,NA,NA,NA,NA,NA,NA,7527,,NA,NA,NA,NA,NA,NA,NA,NA,NA,NA,NA,NA,NA,NA,NA,NA,NA,NA,NA,NA,NA,NA,NA,NA,NA,NA,NA,NA,NA,NA,NA,NA,NA,NA,NA,NA,NA,NA,NA,NA,NA,Final,NA,Strait of Juan de Fuca - fall Coho Salmon,"Salmon, coho (Puget Sound/Strait of Georgia ESU)"
NA,Strait of Juan de Fuca - fall Coho Salmon,Coho salmon,Fall,Puget Sound,,,Puget Sound/Strait of Georgia Coho,Strait of Juan de Fuca - fall Coho Salmon,Same,NA,NOSA,,2008,,Yes,4001,,NA,NA,NA,NA,NA,NA,NA,NA,NA,NA,NA,NA,NA,NA,NA,NA,4001,,NA,NA,NA,NA,NA,NA,NA,NA,NA,NA,NA,NA,NA,NA,NA,NA,NA,NA,NA,NA,NA,NA,NA,NA,NA,NA,NA,NA,NA,NA,NA,NA,NA,NA,NA,NA,NA,NA,NA,NA,NA,Final,NA,Strait of Juan de Fuca - fall Coho Salmon,"Salmon, coho (Puget Sound/Strait of Georgia ESU)"
NA,Strait of Juan de Fuca - fall Coho Salmon,Coho salmon,Fall,Puget Sound,,,Puget Sound/Strait of Georgia Coho,Strait of Juan de Fuca - fall Coho Salmon,Same,NA,NOSA,,2009,,Yes,14956,,NA,NA,NA,NA,NA,NA,NA,NA,NA,NA,NA,NA,NA,NA,NA,NA,14956,,NA,NA,NA,NA,NA,NA,NA,NA,NA,NA,NA,NA,NA,NA,NA,NA,NA,NA,NA,NA,NA,NA,NA,NA,NA,NA,NA,NA,NA,NA,NA,NA,NA,NA,NA,NA,NA,NA,NA,NA,NA,Final,NA,Strait of Juan de Fuca - fall Coho Salmon,"Salmon, coho (Puget Sound/Strait of Georgia ESU)"
NA,Strait of Juan de Fuca - fall Coho Salmon,Coho salmon,Fall,Puget Sound,,,Puget Sound/Strait of Georgia Coho,Strait of Juan de Fuca - fall Coho Salmon,Same,NA,NOSA,,2010,,Yes,18420,,NA,NA,NA,NA,NA,NA,NA,NA,NA,NA,NA,NA,NA,NA,NA,NA,18420,,NA,NA,NA,NA,NA,NA,NA,NA,NA,NA,NA,NA,NA,NA,NA,NA,NA,NA,NA,NA,NA,NA,NA,NA,NA,NA,NA,NA,NA,NA,NA,NA,NA,NA,NA,NA,NA,NA,NA,NA,NA,Final,NA,Strait of Juan de Fuca - fall Coho Salmon,"Salmon, coho (Puget Sound/Strait of Georgia ESU)"
NA,Strait of Juan de Fuca - fall Coho Salmon,Coho salmon,Fall,Puget Sound,,,Puget Sound/Strait of Georgia Coho,Strait of Juan de Fuca - fall Coho Salmon,Same,NA,NOSA,,2011,,Yes,10732,,NA,NA,NA,NA,NA,NA,NA,NA,NA,NA,NA,NA,NA,NA,NA,NA,10732,,NA,NA,NA,NA,NA,NA,NA,NA,NA,NA,NA,NA,NA,NA,NA,NA,NA,NA,NA,NA,NA,NA,NA,NA,NA,NA,NA,NA,NA,NA,NA,NA,NA,NA,NA,NA,NA,NA,NA,NA,NA,Final,NA,Strait of Juan de Fuca - fall Coho Salmon,"Salmon, coho (Puget Sound/Strait of Georgia ESU)"
NA,Strait of Juan de Fuca - fall Coho Salmon,Coho salmon,Fall,Puget Sound,,,Puget Sound/Strait of Georgia Coho,Strait of Juan de Fuca - fall Coho Salmon,Same,NA,NOSA,,2012,,Yes,11020,,NA,NA,NA,NA,NA,NA,NA,NA,NA,NA,NA,NA,NA,NA,NA,NA,11020,,NA,NA,NA,NA,NA,NA,NA,NA,NA,NA,NA,NA,NA,NA,NA,NA,NA,NA,NA,NA,NA,NA,NA,NA,NA,NA,NA,NA,NA,NA,NA,NA,NA,NA,NA,NA,NA,NA,NA,NA,NA,Final,NA,Strait of Juan de Fuca - fall Coho Salmon,"Salmon, coho (Puget Sound/Strait of Georgia ESU)"
NA,Strait of Juan de Fuca - fall Coho Salmon,Coho salmon,Fall,Puget Sound,,,Puget Sound/Strait of Georgia Coho,Strait of Juan de Fuca - fall Coho Salmon,Same,NA,NOSA,,2013,,Yes,8459,,NA,NA,NA,NA,NA,NA,NA,NA,NA,NA,NA,NA,NA,NA,NA,NA,8459,,NA,NA,NA,NA,NA,NA,NA,NA,NA,NA,NA,NA,NA,NA,NA,NA,NA,NA,NA,NA,NA,NA,NA,NA,NA,NA,NA,NA,NA,NA,NA,NA,NA,NA,NA,NA,NA,NA,NA,NA,NA,Final,NA,Strait of Juan de Fuca - fall Coho Salmon,"Salmon, coho (Puget Sound/Strait of Georgia ESU)"
NA,Strait of Juan de Fuca - fall Coho Salmon,Coho salmon,Fall,Puget Sound,,,Puget Sound/Strait of Georgia Coho,Strait of Juan de Fuca - fall Coho Salmon,Same,NA,NOSA,,2014,,Yes,11489,,NA,NA,NA,NA,NA,NA,NA,NA,NA,NA,NA,NA,NA,NA,NA,NA,11489,,NA,NA,NA,NA,NA,NA,NA,NA,NA,NA,NA,NA,NA,NA,NA,NA,NA,NA,NA,NA,NA,NA,NA,NA,NA,NA,NA,NA,NA,NA,NA,NA,NA,NA,NA,NA,NA,NA,NA,NA,NA,Final,NA,Strait of Juan de Fuca - fall Coho Salmon,"Salmon, coho (Puget Sound/Strait of Georgia ESU)"
NA,Strait of Juan de Fuca - fall Coho Salmon,Coho salmon,Fall,Puget Sound,,,Puget Sound/Strait of Georgia Coho,Strait of Juan de Fuca - fall Coho Salmon,Same,NA,NOSA,,2015,,Yes,3860,,NA,NA,NA,NA,NA,NA,NA,NA,NA,NA,NA,NA,NA,NA,NA,NA,3860,,NA,NA,NA,NA,NA,NA,NA,NA,NA,NA,NA,NA,NA,NA,NA,NA,NA,NA,NA,NA,NA,NA,NA,NA,NA,NA,NA,NA,NA,NA,NA,NA,NA,NA,NA,NA,NA,NA,NA,NA,NA,Final,NA,Strait of Juan de Fuca - fall Coho Salmon,"Salmon, coho (Puget Sound/Strait of Georgia ESU)"
NA,Strait of Juan de Fuca - fall Coho Salmon,Coho salmon,Fall,Puget Sound,,,Puget Sound/Strait of Georgia Coho,Strait of Juan de Fuca - fall Coho Salmon,Same,NA,NOSA,,2016,,Yes,8435,,NA,NA,NA,NA,NA,NA,NA,NA,NA,NA,NA,NA,NA,NA,NA,NA,8435,,NA,NA,NA,NA,NA,NA,NA,NA,NA,NA,NA,NA,NA,NA,NA,NA,NA,NA,NA,NA,NA,NA,NA,NA,NA,NA,NA,NA,NA,NA,NA,NA,NA,NA,NA,NA,NA,NA,NA,NA,NA,Final,NA,Strait of Juan de Fuca - fall Coho Salmon,"Salmon, coho (Puget Sound/Strait of Georgia ESU)"
NA,Strait of Juan de Fuca - fall Coho Salmon,Coho salmon,Fall,Puget Sound,,,Puget Sound/Strait of Georgia Coho,Strait of Juan de Fuca - fall Coho Salmon,Same,NA,NOSA,,2017,,Yes,5531,,NA,NA,NA,NA,NA,NA,NA,NA,NA,NA,NA,NA,NA,NA,NA,NA,5531,,NA,NA,NA,NA,NA,NA,NA,NA,NA,NA,NA,NA,NA,NA,NA,NA,NA,NA,NA,NA,NA,NA,NA,NA,NA,NA,NA,NA,NA,NA,NA,NA,NA,NA,NA,NA,NA,NA,NA,NA,NA,Final,NA,Strait of Juan de Fuca - fall Coho Salmon,"Salmon, coho (Puget Sound/Strait of Georgia ESU)"
NA,Strait of Juan de Fuca - fall Coho Salmon,Coho salmon,Fall,Puget Sound,,,Puget Sound/Strait of Georgia Coho,Strait of Juan de Fuca - fall Coho Salmon,Same,NA,NOSA,,2018,,Yes,5470,,NA,NA,NA,NA,NA,NA,NA,NA,NA,NA,NA,NA,NA,NA,NA,NA,5470,,NA,NA,NA,NA,NA,NA,NA,NA,NA,NA,NA,NA,NA,NA,NA,NA,NA,NA,NA,NA,NA,NA,NA,NA,NA,NA,NA,NA,NA,NA,NA,NA,NA,NA,NA,NA,NA,NA,NA,NA,NA,Final,NA,Strait of Juan de Fuca - fall Coho Salmon,"Salmon, coho (Puget Sound/Strait of Georgia ESU)"
NA,Strait of Juan de Fuca - fall Coho Salmon,Coho salmon,Fall,Puget Sound,,,Puget Sound/Strait of Georgia Coho,Strait of Juan de Fuca - fall Coho Salmon,Same,NA,NOSA,,2019,,Yes,4625,,NA,NA,NA,NA,NA,NA,NA,NA,NA,NA,NA,NA,NA,NA,NA,NA,4625,,NA,NA,NA,NA,NA,NA,NA,NA,NA,NA,NA,NA,NA,NA,NA,NA,NA,NA,NA,NA,NA,NA,NA,NA,NA,NA,NA,NA,NA,NA,NA,NA,NA,NA,NA,NA,NA,NA,NA,NA,NA,Final,NA,Strait of Juan de Fuca - fall Coho Salmon,"Salmon, coho (Puget Sound/Strait of Georgia ESU)"
NA,Strait of Juan de Fuca - fall Coho Salmon,Coho salmon,Fall,Puget Sound,,,Puget Sound/Strait of Georgia Coho,Strait of Juan de Fuca - fall Coho Salmon,Same,NA,NOSA,,2020,,Yes,8549,,NA,NA,NA,NA,NA,NA,NA,NA,NA,NA,NA,NA,NA,NA,NA,NA,8549,,NA,NA,NA,NA,NA,NA,NA,NA,NA,NA,NA,NA,NA,NA,NA,NA,NA,NA,NA,NA,NA,NA,NA,NA,NA,NA,NA,NA,NA,NA,NA,NA,NA,NA,NA,NA,NA,NA,NA,NA,NA,Final,NA,Strait of Juan de Fuca - fall Coho Salmon,"Salmon, coho (Puget Sound/Strait of Georgia ESU)"
NA,Strait of Juan de Fuca - fall Coho Salmon,Coho salmon,Fall,Puget Sound,,,Puget Sound/Strait of Georgia Coho,Strait of Juan de Fuca - fall Coho Salmon,Same,NA,NOSA,,2021,,Yes,20836,,NA,NA,NA,NA,NA,NA,NA,NA,NA,NA,NA,NA,NA,NA,NA,NA,20836,,NA,NA,NA,NA,NA,NA,NA,NA,NA,NA,NA,NA,NA,NA,NA,NA,NA,NA,NA,NA,NA,NA,NA,NA,NA,NA,NA,NA,NA,NA,NA,NA,NA,NA,NA,NA,NA,NA,NA,NA,NA,Final,NA,Strait of Juan de Fuca - fall Coho Salmon,"Salmon, coho (Puget Sound/Strait of Georgia ESU)"
NA,Strait of Juan de Fuca - fall Coho Salmon,Coho salmon,Fall,Puget Sound,,,Puget Sound/Strait of Georgia Coho,Strait of Juan de Fuca - fall Coho Salmon,Same,NA,NOSA,,2022,,Yes,15177,,NA,NA,NA,NA,NA,NA,NA,NA,NA,NA,NA,NA,NA,NA,NA,NA,15177,,NA,NA,NA,NA,NA,NA,NA,NA,NA,NA,NA,NA,NA,NA,NA,NA,NA,NA,NA,NA,NA,NA,NA,NA,NA,NA,NA,NA,NA,NA,NA,NA,NA,NA,NA,NA,NA,NA,NA,NA,NA,Final,NA,Strait of Juan de Fuca - fall Coho Salmon,"Salmon, coho (Puget Sound/Strait of Georgia ESU)"
NA,Strait of Juan de Fuca - fall Coho Salmon,Coho salmon,Fall,Puget Sound,,,Puget Sound/Strait of Georgia Coho,Strait of Juan de Fuca - fall Coho Salmon,Same,NA,NOSA,,2023,,Yes,13887,,NA,NA,NA,NA,NA,NA,NA,NA,NA,NA,NA,NA,NA,NA,NA,NA,13887,,NA,NA,NA,NA,NA,NA,NA,NA,NA,NA,NA,NA,NA,NA,NA,NA,NA,NA,NA,NA,NA,NA,NA,NA,NA,NA,NA,NA,NA,NA,NA,NA,NA,NA,NA,NA,NA,NA,NA,NA,NA,Final,NA,Strait of Juan de Fuca - fall Coho Salmon,"Salmon, coho (Puget Sound/Strait of Georgia ESU)"
